Fecha,Region,Estado,Municipio,Marca,Estacion,Permiso CRE,Direccion,Regular,Premium,Diesel
2026-09-30,Occidente,Michoacán,Morelia,,GONQUI SA DE CV,PL/9620/EXP/ES/2015,,23.89,28.69,
2026-09-30,Occidente,Michoacán,Morelia,,ESTACION TINIJARO SA DE CV,PL/9619/EXP/ES/2015,,23.45,28.40,26.99
2026-09-30,Occidente,Michoacán,Morelia,,MULTISERVICIOS MILCUMBRES SA DE CV,PL/9111/EXP/ES/2015,,23.99,29.42,26.99
2026-09-30,Occidente,Michoacán,Morelia,,GILBERTO RIVERA MARTINEZ,PL/8895/EXP/ES/2015,,23.79,28.99,26.98
2026-09-30,Occidente,Michoacán,Morelia,,SUPER SERVICIO SANTA MONICA SA DE CV,PL/8742/EXP/ES/2015,,23.80,28.87,
2026-09-30,Occidente,Michoacán,Morelia,,ESTACION DE SERVICIO EXPRESS LA PROVIDENCIA SA DE CV,PL/8588/EXP/ES/2015,,23.99,29.24,26.99
2026-09-30,Occidente,Michoacán,Morelia,,SERVICIOS LA QUEMADA SA DE CV,PL/8516/EXP/ES/2015,,23.99,28.95,26.99
2026-09-30,Occidente,Michoacán,Morelia,,GASOLINERA MONTAÑA SUR S DE RL DE CV,PL/8075/EXP/ES/2015,,23.69,28.59,26.99
2026-09-30,Occidente,Michoacán,Tarímbaro,,ESTACION DE SERVICIO ERANDENI SA DE CV,PL/7532/EXP/ES/2015,,22.99,27.89,
2026-09-30,Occidente,Michoacán,Morelia,,SERVICIO SIGLO XXI S DE RL DE CV,PL/7020/EXP/ES/2015,,23.99,29.49,26.99
2026-09-30,Occidente,Michoacán,Tarímbaro,,CID Y JAIMES SA DE CV,PL/6618/EXP/ES/2015,,23.99,28.65,27.00
2026-09-30,Occidente,Michoacán,Morelia,,SUPER SERVICIO GASOLINERO SANTA FE SA DE CV,PL/6441/EXP/ES/2015,,23.99,29.24,26.99
2026-09-30,Occidente,Michoacán,Morelia,,SERVICIO VENTURA PUENTE SA DE CV,PL/6309/EXP/ES/2015,,23.99,28.88,26.99
2026-09-30,Occidente,Michoacán,Morelia,,SERVICIO PRINCIPAL SA DE CV,PL/6181/EXP/ES/2015,,23.39,28.82,26.99
2026-09-30,Occidente,Michoacán,Morelia,,MULTISERVICIOS SAN ANGEL SA DE CV,PL/6177/EXP/ES/2015,,23.98,29.25,
2026-09-30,Occidente,Michoacán,Morelia,,GRUPO OCTANO SA DE CV,PL/616/EXP/ES/2015,,23.99,29.24,26.99
2026-09-30,Occidente,Michoacán,Tarímbaro,,CENTRO CARRETERO SAN JORGE SA DE CV,PL/6115/EXP/ES/2015,,23.99,29.24,27.00
2026-09-30,Occidente,Michoacán,Morelia,,SERVICIO QUINCEO SA DE CV,PL/6080/EXP/ES/2015,,23.89,28.99,26.99
2026-09-30,Occidente,Michoacán,Morelia,,MULTISERVICIOS DEL ORIENTE SA DE CV,PL/6074/EXP/ES/2015,,23.59,28.98,
2026-09-30,Occidente,Michoacán,Morelia,,MULTISERVICIOS DEL CRUCERO SA DE CV,PL/6047/EXP/ES/2015,,23.99,29.26,26.99
2026-09-30,Occidente,Michoacán,Morelia,,MULTISERVICIOS LA ESTACION SA DE CV,PL/6045/EXP/ES/2015,,23.69,29.19,26.99
2026-09-30,Occidente,Michoacán,Morelia,,SERVICIO SANTA ISABEL SA DE CV,PL/6035/EXP/ES/2015,,23.99,29.27,
2026-09-30,Occidente,Michoacán,Morelia,,SERVICIO REAL DE MORELIA SA DE CV,PL/6029/EXP/ES/2015,,23.59,28.99,
2026-09-30,Occidente,Michoacán,Morelia,,MULTISERVICIOS DEL PEDREGAL SA DE CV,PL/6025/EXP/ES/2015,,23.79,29.25,
2026-09-30,Occidente,Michoacán,Morelia,,JOSE MANUEL ZABALEGUI RODRIGUEZ,PL/6023/EXP/ES/2015,,23.18,28.99,26.99
2026-09-30,Occidente,Michoacán,Morelia,,ALZAHI SA DE CV,PL/6018/EXP/ES/2015,,23.99,28.99,26.99
2026-09-30,Occidente,Michoacán,Tarímbaro,,CENTRO CARRETERO SAN JORGE SA DE CV,PL/5780/EXP/ES/2015,,23.99,29.24,27.00
2026-09-30,Occidente,Michoacán,Morelia,,KOPLA S DE RL DE CV,PL/5778/EXP/ES/2015,,23.99,29.49,26.99
2026-09-30,Occidente,Michoacán,Morelia,,GASOLINERA INDEPENDIENTE SA DE CV,PL/5409/EXP/ES/2015,,23.99,28.85,
2026-09-30,Occidente,Michoacán,Morelia,,GRUPO OCTANO SA DE CV,PL/500/EXP/ES/2015,,23.99,29.24,
2026-09-30,Occidente,Michoacán,Morelia,,GRUPO OCTANO SA DE CV,PL/498/EXP/ES/2015,,23.99,29.24,26.99
2026-09-30,Occidente,Michoacán,Morelia,,MULTISERVICIOS DE MORELIA SA DE CV,PL/4365/EXP/ES/2015,,23.79,29.25,
2026-09-30,Occidente,Michoacán,Morelia,,AUTO SERVICIO EL DURAZNO SA DE CV,PL/4296/EXP/ES/2015,,23.99,28.94,26.99
2026-09-30,Occidente,Michoacán,Morelia,,GELOM SAN MIGUEL SA DE CV,PL/4152/EXP/ES/2015,,23.19,28.84,26.86
2026-09-30,Occidente,Michoacán,Tarímbaro,,GRUPO OCTANO SA DE CV,PL/414/EXP/ES/2015,,23.99,29.24,26.99
2026-09-30,Occidente,Michoacán,Morelia,,GRUPO OCTANO SA DE CV,PL/400/EXP/ES/2015,,23.99,29.24,
2026-09-30,Occidente,Michoacán,Morelia,,SERVICIOS SAN GABRIEL SA DE CV,PL/3380/EXP/ES/2015,,23.59,28.39,26.89
2026-09-30,Occidente,Michoacán,Morelia,,XOCHITL MOJICA CASTILLO,PL/3343/EXP/ES/2015,,23.99,28.97,26.99
2026-09-30,Occidente,Michoacán,Morelia,,ESTACION LA ANTIGUA VALLADOLID SA DE CV,PL/2771/EXP/ES/2015,,23.99,28.95,26.99
2026-09-30,Occidente,Michoacán,Morelia,,SERVICIOS GASOLINEROS DE MEXICO SA DE CV,PL/2735/EXP/ES/2015,,24.99,29.99,27.00
2026-09-30,Occidente,Michoacán,Morelia,,SUPER COMBUSTIBLES DEL RIO SA DE CV,PL/2640/EXP/ES/2015,,23.55,27.92,
2026-09-30,Occidente,Michoacán,Tarímbaro,,SERVICIOS GASOLINEROS DE MEXICO SA DE CV,PL/25623/EXP/ES/2024,,23.99,29.99,27.99
2026-09-30,Occidente,Michoacán,Morelia,,COMBUSTIBLES HSM SA DE CV,PL/25570/EXP/ES/2024,,23.99,28.89,26.99
2026-09-30,Occidente,Michoacán,Morelia,,CORPORACION GASOLINERA KM PLUS SA DE CV,PL/25053/EXP/ES/2023,,23.99,28.90,27.00
2026-09-30,Occidente,Michoacán,Morelia,,COMBUSTIBLES HSM SA DE CV,PL/24353/EXP/ES/2022,,23.85,28.89,26.99
2026-09-30,Occidente,Michoacán,Charo,,SUPER SERVICIOS JARIPEO SA DE CV,PL/23951/EXP/ES/2022,,23.99,28.28,26.99
2026-09-30,Occidente,Michoacán,Morelia,,GRUPO ALVARIA SA DE CV,PL/2386/EXP/ES/2015,,23.99,28.75,26.99
2026-09-30,Occidente,Michoacán,Tarímbaro,,SERVICIO TARIMBARO SA DE CV,PL/2351/EXP/ES/2015,,23.99,28.95,26.99
2026-09-30,Occidente,Michoacán,Morelia,,SURTILAGO GASOLINERIAS SA DE CV,PL/22650/EXP/ES/2019,,23.59,27.99,26.89
2026-09-30,Occidente,Michoacán,Morelia,,ESTACION DE SERVICIO TAVISA SA DE CV,PL/21062/EXP/ES/2018,,23.69,28.95,26.89
2026-09-30,Occidente,Michoacán,Morelia,,FRANCISCO JAVIER CEDEÑO SERENO,PL/2087/EXP/ES/2015,,23.90,29.30,26.99
2026-09-30,Occidente,Michoacán,Morelia,,FRANCISCO JAVIER CEDEÑO SERENO,PL/2084/EXP/ES/2015,,23.90,29.30,
2026-09-30,Occidente,Michoacán,Morelia,,ARASA GASOLINERA SA DE CV,PL/20113/EXP/ES/2017,,23.91,28.75,27.00
2026-09-30,Occidente,Michoacán,Tarímbaro,,ESTACION Y SERVICIO SAN JUANITO SA DE CV,PL/19557/EXP/ES/2016,,23.99,29.49,28.00
2026-09-30,Occidente,Michoacán,Charo,,SERVICIO CHARO SA DE CV,PL/1920/EXP/ES/2015,,23.58,28.80,26.99
2026-09-30,Occidente,Michoacán,Morelia,,ESTACION DE SERVICIO FAMGAS SA DE CV,PL/1906/EXP/ES/2015,,22.98,27.58,26.58
2026-09-30,Occidente,Michoacán,Morelia,,GILBERTO RIVERA MARTINEZ,PL/18959/EXP/ES/2016,,23.49,28.19,
2026-09-30,Occidente,Michoacán,Tarímbaro,,ARRCO GAS SA DE CV,PL/18932/EXP/ES/2016,,23.99,28.99,26.99
2026-09-30,Occidente,Michoacán,Morelia,,ESTACION DE SERVICIO NOCUPETARO SA DE CV,PL/1861/EXP/ES/2015,,23.09,27.99,26.85
2026-09-30,Occidente,Michoacán,Morelia,,GASOLINERA VALLE REAL SA DE CV,PL/1542/EXP/ES/2015,,23.65,28.74,26.99
2026-09-30,Occidente,Michoacán,Morelia,,AUTO ESTACION COMBUSTIBLES SA DE CV,PL/1527/EXP/ES/2015,,23.90,29.30,26.99
2026-09-30,Occidente,Michoacán,Morelia,,MINI ESTACION DE SERVICIO EL TECNOLOGICO SA DE CV,PL/1504/EXP/ES/2015,,22.99,27.99,
2026-09-30,Occidente,Michoacán,Morelia,,PROMOTORA DE AUTO ESTACIONES SA DE CV,PL/1425/EXP/ES/2015,,23.98,28.95,26.99
2026-09-30,Occidente,Michoacán,Morelia,,INSIGNIA ALTOZANO SA DE CV,PL/1420/EXP/ES/2015,,23.99,28.95,26.99
2026-09-30,Occidente,Michoacán,Morelia,,GASOLINEROS MORELIANOS SA DE CV,PL/13615/EXP/ES/2016,,23.19,27.99,27.00
2026-09-30,Occidente,Michoacán,Morelia,,PROMOTORA DE AUTO ESTACIONES SA DE CV,PL/1345/EXP/ES/2015,,23.99,28.99,
2026-09-30,Occidente,Michoacán,Morelia,,SUPER SERVICIO POZA RICA SA,PL/1312/EXP/ES/2015,,23.90,29.30,26.99
2026-09-30,Occidente,Michoacán,Morelia,,GASOMICH LA HACIENDA SA DE CV,PL/12591/EXP/ES/2015,,23.14,28.27,26.97
2026-09-30,Occidente,Michoacán,Morelia,,AUTO ESTACION INDUSTRIAL SA DE CV,PL/1227/EXP/ES/2015,,23.90,29.30,26.99
2026-09-30,Occidente,Michoacán,Morelia,,GASOMICH JUAREZ SA DE CV,PL/11287/EXP/ES/2015,,23.69,28.69,26.98
2026-09-30,Occidente,Michoacán,Morelia,,GASOLINAS DE MICHOACAN SA DE CV,PL/11286/EXP/ES/2015,,23.85,28.88,26.98
2026-09-30,Occidente,Michoacán,Morelia,,GASO MICH SALAMANCA SA DE CV,PL/11283/EXP/ES/2015,,23.92,28.73,
2026-09-30,Occidente,Michoacán,Morelia,,GASOMICH SA DE CV,PL/11282/EXP/ES/2015,,23.85,28.68,26.98
2026-09-30,Occidente,Michoacán,Morelia,,GASO MICH MICHOACAN SA DE CV,PL/11280/EXP/ES/2015,,23.38,28.69,
2026-09-30,Occidente,Michoacán,Morelia,,SERVICIOS COMBUSTIBLES Y LUB DE MICH SA DE CV,PL/10997/EXP/ES/2015,,23.88,28.79,
2026-09-30,Occidente,Michoacán,Morelia,,GASO MICH MANANTIALES SA DE CV,PL/10976/EXP/ES/2015,,23.79,28.95,26.97
2026-09-30,Occidente,Michoacán,Morelia,,SUPER SERVICIO SANTIAGUITO SA DE CV,PL/10972/EXP/ES/2015,,23.68,28.48,26.97
2026-09-30,Occidente,Michoacán,Morelia,,CAMINO REAL ESTACION DE SERVICIO SA DE CV,PL/10852/EXP/ES/2015,,23.89,28.86,26.99
2026-09-30,Occidente,Michoacán,Morelia,,SERVICIO EXPRESS DE MORELIA SA DE CV,PL/10817/EXP/ES/2015,,23.88,28.77,26.99
2026-09-30,Occidente,Michoacán,Morelia,,MAX ERANDENI SA DE CV,PL/10751/EXP/ES/2015,,23.18,28.48,26.98
2026-09-30,Occidente,Michoacán,Morelia,,GASOLINERIA MORELIA SA DE CV,PL/10660/EXP/ES/2015,,23.95,28.72,26.89
2026-09-30,Occidente,Michoacán,Morelia,,ESTACION DE SERVICIO TRES PUENTES SA DE CV,PL/10579/EXP/ES/2015,,23.09,27.99,26.85
2026-09-30,Occidente,Michoacán,Morelia,,SUPER SERVICIO ACUEDUCTO-MORELIA SA DE CV,PL/10328/EXP/ES/2015,,23.84,28.84,
2026-09-30,Occidente,Michoacán,Morelia,,SERVICIO VERONA SA DE CV,PL/10302/EXP/ES/2015,,23.19,27.99,26.75
2026-09-30,Occidente,Michoacán,Morelia,,SUPER SERVICIO COINTZIO SA DE CV,PL/10276/EXP/ES/2015,,23.15,28.25,26.85
2026-09-30,Occidente,Michoacán,Morelia,,FRANCISCO SEGOVIA MARTINEZ,PL/10224/EXP/ES/2015,,23.95,28.75,27.00
2026-09-30,Occidente,Michoacán,Tarímbaro,,SERVICIO SAN PEDRO DE LOS SAUCES SA DE CV,PL/10085/EXP/ES/2015,,23.99,28.99,27.80
2026-09-30,Occidente,Michoacán,Morelia,,SERVICIO STA EUGENIA SA DE CV,PL/10019/EXP/ES/2015,,23.13,28.23,26.83
2026-09-30,Occidente,Michoacán,Morelia,,ESTACION DE SERVICIO MARMOL SA DE CV,CNE/PL/523/EXP/ES/2025,,22.99,27.99,
2026-09-30,Occidente,Michoacán,Morelia,,ESTACION DE SERVICIO OSCAR CHAVEZ SA DE CV,CNE/PL/452/EXP/ES/2025,,23.79,28.89,26.99
2026-09-30,Occidente,Michoacán,Morelia,,ESTACION DE SERVICIO LA ALDEA SA DE CV,CNE/PL/302/EXP/ES/2025,,23.69,28.88,26.77
2026-09-30,Occidente,Michoacán,Morelia,,PETROCAR DEL SOL SA DE CV,CNE/PL/212/EXP/ES/2025,,23.59,28.64,26.83
2026-09-30,Occidente,Michoacán,Morelia,,ESTACION DE SERVICIO LA MINTZITA SA DE CV,CNE/PL/154/EXP/ES/2025,,23.09,27.89,26.99
2026-09-30,Occidente,Michoacán,Morelia,,PROYECTOS ENERGETICOS ALJO SA DE CV,CNE/PL/15/EXP/ES/2025,,23.69,28.29,26.89
2026-10-01,Occidente,Michoacán,Morelia,,GONQUI SA DE CV,PL/9620/EXP/ES/2015,,23.89,28.69,
2026-10-01,Occidente,Michoacán,Morelia,,ESTACION TINIJARO SA DE CV,PL/9619/EXP/ES/2015,,23.45,28.40,26.99
2026-10-01,Occidente,Michoacán,Morelia,,MULTISERVICIOS MILCUMBRES SA DE CV,PL/9111/EXP/ES/2015,,23.99,29.42,26.99
2026-10-01,Occidente,Michoacán,Morelia,,GILBERTO RIVERA MARTINEZ,PL/8895/EXP/ES/2015,,23.79,28.99,26.98
2026-10-01,Occidente,Michoacán,Morelia,,SUPER SERVICIO SANTA MONICA SA DE CV,PL/8742/EXP/ES/2015,,23.80,28.87,
2026-10-01,Occidente,Michoacán,Morelia,,ESTACION DE SERVICIO EXPRESS LA PROVIDENCIA SA DE CV,PL/8588/EXP/ES/2015,,23.99,29.24,26.99
2026-10-01,Occidente,Michoacán,Morelia,,SERVICIOS LA QUEMADA SA DE CV,PL/8516/EXP/ES/2015,,23.99,28.95,26.99
2026-10-01,Occidente,Michoacán,Morelia,,GASOLINERA MONTAÑA SUR S DE RL DE CV,PL/8075/EXP/ES/2015,,23.69,28.59,26.99
2026-10-01,Occidente,Michoacán,Tarímbaro,,ESTACION DE SERVICIO ERANDENI SA DE CV,PL/7532/EXP/ES/2015,,22.99,27.89,
2026-10-01,Occidente,Michoacán,Morelia,,SERVICIO SIGLO XXI S DE RL DE CV,PL/7020/EXP/ES/2015,,23.99,29.49,26.99
2026-10-01,Occidente,Michoacán,Tarímbaro,,CID Y JAIMES SA DE CV,PL/6618/EXP/ES/2015,,23.99,28.65,27.00
2026-10-01,Occidente,Michoacán,Morelia,,SUPER SERVICIO GASOLINERO SANTA FE SA DE CV,PL/6441/EXP/ES/2015,,23.99,29.24,26.99
2026-10-01,Occidente,Michoacán,Morelia,,SERVICIO VENTURA PUENTE SA DE CV,PL/6309/EXP/ES/2015,,23.99,28.88,26.99
2026-10-01,Occidente,Michoacán,Morelia,,SERVICIO PRINCIPAL SA DE CV,PL/6181/EXP/ES/2015,,23.39,28.82,26.99
2026-10-01,Occidente,Michoacán,Morelia,,MULTISERVICIOS SAN ANGEL SA DE CV,PL/6177/EXP/ES/2015,,23.98,29.25,
2026-10-01,Occidente,Michoacán,Morelia,,GRUPO OCTANO SA DE CV,PL/616/EXP/ES/2015,,23.99,29.24,26.99
2026-10-01,Occidente,Michoacán,Tarímbaro,,CENTRO CARRETERO SAN JORGE SA DE CV,PL/6115/EXP/ES/2015,,23.99,29.24,27.00
2026-10-01,Occidente,Michoacán,Morelia,,SERVICIO QUINCEO SA DE CV,PL/6080/EXP/ES/2015,,23.89,28.99,26.99
2026-10-01,Occidente,Michoacán,Morelia,,MULTISERVICIOS DEL ORIENTE SA DE CV,PL/6074/EXP/ES/2015,,23.59,28.98,
2026-10-01,Occidente,Michoacán,Morelia,,MULTISERVICIOS DEL CRUCERO SA DE CV,PL/6047/EXP/ES/2015,,23.99,29.26,26.99
2026-10-01,Occidente,Michoacán,Morelia,,MULTISERVICIOS LA ESTACION SA DE CV,PL/6045/EXP/ES/2015,,23.69,29.19,26.99
2026-10-01,Occidente,Michoacán,Morelia,,SERVICIO SANTA ISABEL SA DE CV,PL/6035/EXP/ES/2015,,23.99,29.27,
2026-10-01,Occidente,Michoacán,Morelia,,SERVICIO REAL DE MORELIA SA DE CV,PL/6029/EXP/ES/2015,,23.59,28.99,
2026-10-01,Occidente,Michoacán,Morelia,,MULTISERVICIOS DEL PEDREGAL SA DE CV,PL/6025/EXP/ES/2015,,23.79,29.25,
2026-10-01,Occidente,Michoacán,Morelia,,JOSE MANUEL ZABALEGUI RODRIGUEZ,PL/6023/EXP/ES/2015,,23.18,28.99,26.99
2026-10-01,Occidente,Michoacán,Morelia,,ALZAHI SA DE CV,PL/6018/EXP/ES/2015,,23.99,28.99,26.99
2026-10-01,Occidente,Michoacán,Tarímbaro,,CENTRO CARRETERO SAN JORGE SA DE CV,PL/5780/EXP/ES/2015,,23.99,29.24,27.00
2026-10-01,Occidente,Michoacán,Morelia,,KOPLA S DE RL DE CV,PL/5778/EXP/ES/2015,,23.99,29.49,26.99
2026-10-01,Occidente,Michoacán,Morelia,,GASOLINERA INDEPENDIENTE SA DE CV,PL/5409/EXP/ES/2015,,23.99,28.85,
2026-10-01,Occidente,Michoacán,Morelia,,GRUPO OCTANO SA DE CV,PL/500/EXP/ES/2015,,23.99,29.24,
2026-10-01,Occidente,Michoacán,Morelia,,GRUPO OCTANO SA DE CV,PL/498/EXP/ES/2015,,23.99,29.24,26.99
2026-10-01,Occidente,Michoacán,Morelia,,MULTISERVICIOS DE MORELIA SA DE CV,PL/4365/EXP/ES/2015,,23.79,29.25,
2026-10-01,Occidente,Michoacán,Morelia,,AUTO SERVICIO EL DURAZNO SA DE CV,PL/4296/EXP/ES/2015,,23.99,28.94,26.99
2026-10-01,Occidente,Michoacán,Morelia,,GELOM SAN MIGUEL SA DE CV,PL/4152/EXP/ES/2015,,23.19,28.74,26.86
2026-10-01,Occidente,Michoacán,Tarímbaro,,GRUPO OCTANO SA DE CV,PL/414/EXP/ES/2015,,23.99,29.24,26.99
2026-10-01,Occidente,Michoacán,Morelia,,GRUPO OCTANO SA DE CV,PL/400/EXP/ES/2015,,23.99,29.24,
2026-10-01,Occidente,Michoacán,Morelia,,SERVICIOS SAN GABRIEL SA DE CV,PL/3380/EXP/ES/2015,,23.59,28.39,26.89
2026-10-01,Occidente,Michoacán,Morelia,,XOCHITL MOJICA CASTILLO,PL/3343/EXP/ES/2015,,23.99,28.97,26.99
2026-10-01,Occidente,Michoacán,Morelia,,ESTACION LA ANTIGUA VALLADOLID SA DE CV,PL/2771/EXP/ES/2015,,23.99,28.95,26.99
2026-10-01,Occidente,Michoacán,Morelia,,SERVICIOS GASOLINEROS DE MEXICO SA DE CV,PL/2735/EXP/ES/2015,,24.99,29.99,27.00
2026-10-01,Occidente,Michoacán,Morelia,,SUPER COMBUSTIBLES DEL RIO SA DE CV,PL/2640/EXP/ES/2015,,23.55,27.92,
2026-10-01,Occidente,Michoacán,Tarímbaro,,SERVICIOS GASOLINEROS DE MEXICO SA DE CV,PL/25623/EXP/ES/2024,,23.99,29.99,27.99
2026-10-01,Occidente,Michoacán,Morelia,,COMBUSTIBLES HSM SA DE CV,PL/25570/EXP/ES/2024,,23.99,28.89,26.99
2026-10-01,Occidente,Michoacán,Morelia,,CORPORACION GASOLINERA KM PLUS SA DE CV,PL/25053/EXP/ES/2023,,23.99,28.90,27.00
2026-10-01,Occidente,Michoacán,Morelia,,COMBUSTIBLES HSM SA DE CV,PL/24353/EXP/ES/2022,,23.85,28.89,26.99
2026-10-01,Occidente,Michoacán,Charo,,SUPER SERVICIOS JARIPEO SA DE CV,PL/23951/EXP/ES/2022,,23.99,28.28,26.99
2026-10-01,Occidente,Michoacán,Morelia,,GRUPO ALVARIA SA DE CV,PL/2386/EXP/ES/2015,,23.99,28.75,26.99
2026-10-01,Occidente,Michoacán,Tarímbaro,,SERVICIO TARIMBARO SA DE CV,PL/2351/EXP/ES/2015,,23.99,28.95,26.99
2026-10-01,Occidente,Michoacán,Morelia,,SURTILAGO GASOLINERIAS SA DE CV,PL/22650/EXP/ES/2019,,23.59,27.99,26.89
2026-10-01,Occidente,Michoacán,Morelia,,ESTACION DE SERVICIO TAVISA SA DE CV,PL/21062/EXP/ES/2018,,23.69,28.95,26.89
2026-10-01,Occidente,Michoacán,Morelia,,FRANCISCO JAVIER CEDEÑO SERENO,PL/2087/EXP/ES/2015,,23.90,29.30,26.99
2026-10-01,Occidente,Michoacán,Morelia,,FRANCISCO JAVIER CEDEÑO SERENO,PL/2084/EXP/ES/2015,,23.90,29.30,
2026-10-01,Occidente,Michoacán,Morelia,,ARASA GASOLINERA SA DE CV,PL/20113/EXP/ES/2017,,23.91,28.75,27.00
2026-10-01,Occidente,Michoacán,Tarímbaro,,ESTACION Y SERVICIO SAN JUANITO SA DE CV,PL/19557/EXP/ES/2016,,23.99,29.49,28.00
2026-10-01,Occidente,Michoacán,Charo,,SERVICIO CHARO SA DE CV,PL/1920/EXP/ES/2015,,23.58,28.80,26.99
2026-10-01,Occidente,Michoacán,Morelia,,ESTACION DE SERVICIO FAMGAS SA DE CV,PL/1906/EXP/ES/2015,,22.98,27.58,26.58
2026-10-01,Occidente,Michoacán,Morelia,,GILBERTO RIVERA MARTINEZ,PL/18959/EXP/ES/2016,,23.49,28.19,
2026-10-01,Occidente,Michoacán,Tarímbaro,,ARRCO GAS SA DE CV,PL/18932/EXP/ES/2016,,23.99,28.99,26.99
2026-10-01,Occidente,Michoacán,Morelia,,ESTACION DE SERVICIO NOCUPETARO SA DE CV,PL/1861/EXP/ES/2015,,23.09,27.99,26.85
2026-10-01,Occidente,Michoacán,Morelia,,GASOLINERA VALLE REAL SA DE CV,PL/1542/EXP/ES/2015,,23.65,28.74,26.99
2026-10-01,Occidente,Michoacán,Morelia,,AUTO ESTACION COMBUSTIBLES SA DE CV,PL/1527/EXP/ES/2015,,23.90,29.30,26.99
2026-10-01,Occidente,Michoacán,Morelia,,MINI ESTACION DE SERVICIO EL TECNOLOGICO SA DE CV,PL/1504/EXP/ES/2015,,22.99,27.99,
2026-10-01,Occidente,Michoacán,Morelia,,PROMOTORA DE AUTO ESTACIONES SA DE CV,PL/1425/EXP/ES/2015,,23.98,28.95,26.99
2026-10-01,Occidente,Michoacán,Morelia,,INSIGNIA ALTOZANO SA DE CV,PL/1420/EXP/ES/2015,,23.99,28.95,26.99
2026-10-01,Occidente,Michoacán,Morelia,,GASOLINEROS MORELIANOS SA DE CV,PL/13615/EXP/ES/2016,,23.19,27.99,27.00
2026-10-01,Occidente,Michoacán,Morelia,,PROMOTORA DE AUTO ESTACIONES SA DE CV,PL/1345/EXP/ES/2015,,23.99,28.99,
2026-10-01,Occidente,Michoacán,Morelia,,SUPER SERVICIO POZA RICA SA,PL/1312/EXP/ES/2015,,23.90,29.30,26.99
2026-10-01,Occidente,Michoacán,Morelia,,GASOMICH LA HACIENDA SA DE CV,PL/12591/EXP/ES/2015,,23.14,28.27,26.97
2026-10-01,Occidente,Michoacán,Morelia,,AUTO ESTACION INDUSTRIAL SA DE CV,PL/1227/EXP/ES/2015,,23.90,29.30,26.99
2026-10-01,Occidente,Michoacán,Morelia,,GASOMICH JUAREZ SA DE CV,PL/11287/EXP/ES/2015,,23.69,28.69,26.98
2026-10-01,Occidente,Michoacán,Morelia,,GASOLINAS DE MICHOACAN SA DE CV,PL/11286/EXP/ES/2015,,23.85,28.88,26.98
2026-10-01,Occidente,Michoacán,Morelia,,GASO MICH SALAMANCA SA DE CV,PL/11283/EXP/ES/2015,,23.92,28.73,
2026-10-01,Occidente,Michoacán,Morelia,,GASOMICH SA DE CV,PL/11282/EXP/ES/2015,,23.85,28.68,26.98
2026-10-01,Occidente,Michoacán,Morelia,,GASO MICH MICHOACAN SA DE CV,PL/11280/EXP/ES/2015,,23.38,28.69,
2026-10-01,Occidente,Michoacán,Morelia,,SERVICIOS COMBUSTIBLES Y LUB DE MICH SA DE CV,PL/10997/EXP/ES/2015,,23.88,28.79,
2026-10-01,Occidente,Michoacán,Morelia,,GASO MICH MANANTIALES SA DE CV,PL/10976/EXP/ES/2015,,23.79,28.95,26.97
2026-10-01,Occidente,Michoacán,Morelia,,SUPER SERVICIO SANTIAGUITO SA DE CV,PL/10972/EXP/ES/2015,,23.68,28.48,26.97
2026-10-01,Occidente,Michoacán,Morelia,,CAMINO REAL ESTACION DE SERVICIO SA DE CV,PL/10852/EXP/ES/2015,,23.89,28.86,26.99
2026-10-01,Occidente,Michoacán,Morelia,,SERVICIO EXPRESS DE MORELIA SA DE CV,PL/10817/EXP/ES/2015,,23.88,28.77,26.99
2026-10-01,Occidente,Michoacán,Morelia,,MAX ERANDENI SA DE CV,PL/10751/EXP/ES/2015,,23.18,28.48,26.98
2026-10-01,Occidente,Michoacán,Morelia,,GASOLINERIA MORELIA SA DE CV,PL/10660/EXP/ES/2015,,23.95,28.72,26.89
2026-10-01,Occidente,Michoacán,Morelia,,ESTACION DE SERVICIO TRES PUENTES SA DE CV,PL/10579/EXP/ES/2015,,23.09,27.99,26.85
2026-10-01,Occidente,Michoacán,Morelia,,SUPER SERVICIO ACUEDUCTO-MORELIA SA DE CV,PL/10328/EXP/ES/2015,,23.84,28.84,
2026-10-01,Occidente,Michoacán,Morelia,,SERVICIO VERONA SA DE CV,PL/10302/EXP/ES/2015,,23.19,27.99,26.75
2026-10-01,Occidente,Michoacán,Morelia,,SUPER SERVICIO COINTZIO SA DE CV,PL/10276/EXP/ES/2015,,23.15,28.25,26.85
2026-10-01,Occidente,Michoacán,Morelia,,FRANCISCO SEGOVIA MARTINEZ,PL/10224/EXP/ES/2015,,23.95,28.75,27.00
2026-10-01,Occidente,Michoacán,Tarímbaro,,SERVICIO SAN PEDRO DE LOS SAUCES SA DE CV,PL/10085/EXP/ES/2015,,23.99,28.99,27.80
2026-10-01,Occidente,Michoacán,Morelia,,SERVICIO STA EUGENIA SA DE CV,PL/10019/EXP/ES/2015,,23.13,28.23,26.83
2026-10-01,Occidente,Michoacán,Morelia,,ESTACION DE SERVICIO MARMOL SA DE CV,CNE/PL/523/EXP/ES/2025,,22.99,27.99,
2026-10-01,Occidente,Michoacán,Morelia,,ESTACION DE SERVICIO OSCAR CHAVEZ SA DE CV,CNE/PL/452/EXP/ES/2025,,23.79,28.89,26.99
2026-10-01,Occidente,Michoacán,Morelia,,ESTACION DE SERVICIO LA ALDEA SA DE CV,CNE/PL/302/EXP/ES/2025,,23.69,28.88,26.77
2026-10-01,Occidente,Michoacán,Morelia,,PETROCAR DEL SOL SA DE CV,CNE/PL/212/EXP/ES/2025,,23.59,28.64,26.83
2026-10-01,Occidente,Michoacán,Morelia,,ESTACION DE SERVICIO LA MINTZITA SA DE CV,CNE/PL/154/EXP/ES/2025,,23.09,27.89,26.99
2026-10-01,Occidente,Michoacán,Morelia,,PROYECTOS ENERGETICOS ALJO SA DE CV,CNE/PL/15/EXP/ES/2025,,23.69,28.29,26.89
2026-10-02,Occidente,Michoacán,Morelia,,GONQUI SA DE CV,PL/9620/EXP/ES/2015,,23.89,28.79,
2026-10-02,Occidente,Michoacán,Morelia,,ESTACION TINIJARO SA DE CV,PL/9619/EXP/ES/2015,,23.69,28.50,26.99
2026-10-02,Occidente,Michoacán,Morelia,,MULTISERVICIOS MILCUMBRES SA DE CV,PL/9111/EXP/ES/2015,,23.99,29.42,26.99
2026-10-02,Occidente,Michoacán,Morelia,,GILBERTO RIVERA MARTINEZ,PL/8895/EXP/ES/2015,,23.79,28.99,26.98
2026-10-02,Occidente,Michoacán,Morelia,,SUPER SERVICIO SANTA MONICA SA DE CV,PL/8742/EXP/ES/2015,,23.80,28.87,
2026-10-02,Occidente,Michoacán,Morelia,,ESTACION DE SERVICIO EXPRESS LA PROVIDENCIA SA DE CV,PL/8588/EXP/ES/2015,,23.99,29.24,26.99
2026-10-02,Occidente,Michoacán,Morelia,,SERVICIOS LA QUEMADA SA DE CV,PL/8516/EXP/ES/2015,,23.99,28.95,26.99
2026-10-02,Occidente,Michoacán,Morelia,,GASOLINERA MONTAÑA SUR S DE RL DE CV,PL/8075/EXP/ES/2015,,23.69,28.59,26.99
2026-10-02,Occidente,Michoacán,Tarímbaro,,ESTACION DE SERVICIO ERANDENI SA DE CV,PL/7532/EXP/ES/2015,,22.99,27.89,
2026-10-02,Occidente,Michoacán,Morelia,,SERVICIO SIGLO XXI S DE RL DE CV,PL/7020/EXP/ES/2015,,23.99,29.49,26.99
2026-10-02,Occidente,Michoacán,Tarímbaro,,CID Y JAIMES SA DE CV,PL/6618/EXP/ES/2015,,23.99,28.65,27.00
2026-10-02,Occidente,Michoacán,Morelia,,SUPER SERVICIO GASOLINERO SANTA FE SA DE CV,PL/6441/EXP/ES/2015,,23.99,29.24,26.99
2026-10-02,Occidente,Michoacán,Morelia,,SERVICIO VENTURA PUENTE SA DE CV,PL/6309/EXP/ES/2015,,23.99,28.88,26.99
2026-10-02,Occidente,Michoacán,Morelia,,SERVICIO PRINCIPAL SA DE CV,PL/6181/EXP/ES/2015,,23.39,28.82,26.99
2026-10-02,Occidente,Michoacán,Morelia,,MULTISERVICIOS SAN ANGEL SA DE CV,PL/6177/EXP/ES/2015,,23.98,29.25,
2026-10-02,Occidente,Michoacán,Morelia,,GRUPO OCTANO SA DE CV,PL/616/EXP/ES/2015,,23.99,29.24,26.99
2026-10-02,Occidente,Michoacán,Tarímbaro,,CENTRO CARRETERO SAN JORGE SA DE CV,PL/6115/EXP/ES/2015,,23.99,29.24,27.00
2026-10-02,Occidente,Michoacán,Morelia,,SERVICIO QUINCEO SA DE CV,PL/6080/EXP/ES/2015,,23.89,28.99,26.99
2026-10-02,Occidente,Michoacán,Morelia,,MULTISERVICIOS DEL ORIENTE SA DE CV,PL/6074/EXP/ES/2015,,23.59,28.98,
2026-10-02,Occidente,Michoacán,Morelia,,MULTISERVICIOS DEL CRUCERO SA DE CV,PL/6047/EXP/ES/2015,,23.99,29.26,26.99
2026-10-02,Occidente,Michoacán,Morelia,,MULTISERVICIOS LA ESTACION SA DE CV,PL/6045/EXP/ES/2015,,23.69,29.19,26.99
2026-10-02,Occidente,Michoacán,Morelia,,SERVICIO SANTA ISABEL SA DE CV,PL/6035/EXP/ES/2015,,23.99,29.27,
2026-10-02,Occidente,Michoacán,Morelia,,SERVICIO REAL DE MORELIA SA DE CV,PL/6029/EXP/ES/2015,,23.59,28.99,
2026-10-02,Occidente,Michoacán,Morelia,,MULTISERVICIOS DEL PEDREGAL SA DE CV,PL/6025/EXP/ES/2015,,23.79,29.25,
2026-10-02,Occidente,Michoacán,Morelia,,JOSE MANUEL ZABALEGUI RODRIGUEZ,PL/6023/EXP/ES/2015,,23.18,28.99,26.99
2026-10-02,Occidente,Michoacán,Morelia,,ALZAHI SA DE CV,PL/6018/EXP/ES/2015,,23.99,28.99,26.99
2026-10-02,Occidente,Michoacán,Tarímbaro,,CENTRO CARRETERO SAN JORGE SA DE CV,PL/5780/EXP/ES/2015,,23.99,29.24,27.00
2026-10-02,Occidente,Michoacán,Morelia,,KOPLA S DE RL DE CV,PL/5778/EXP/ES/2015,,23.99,29.49,26.99
2026-10-02,Occidente,Michoacán,Morelia,,GASOLINERA INDEPENDIENTE SA DE CV,PL/5409/EXP/ES/2015,,23.99,28.85,
2026-10-02,Occidente,Michoacán,Morelia,,GRUPO OCTANO SA DE CV,PL/500/EXP/ES/2015,,23.99,29.24,
2026-10-02,Occidente,Michoacán,Morelia,,GRUPO OCTANO SA DE CV,PL/498/EXP/ES/2015,,23.99,29.24,26.99
2026-10-02,Occidente,Michoacán,Morelia,,MULTISERVICIOS DE MORELIA SA DE CV,PL/4365/EXP/ES/2015,,23.79,29.25,
2026-10-02,Occidente,Michoacán,Morelia,,AUTO SERVICIO EL DURAZNO SA DE CV,PL/4296/EXP/ES/2015,,23.99,28.94,26.99
2026-10-02,Occidente,Michoacán,Morelia,,GELOM SAN MIGUEL SA DE CV,PL/4152/EXP/ES/2015,,23.19,28.74,26.86
2026-10-02,Occidente,Michoacán,Tarímbaro,,GRUPO OCTANO SA DE CV,PL/414/EXP/ES/2015,,23.99,29.24,26.99
2026-10-02,Occidente,Michoacán,Morelia,,GRUPO OCTANO SA DE CV,PL/400/EXP/ES/2015,,23.99,29.24,
2026-10-02,Occidente,Michoacán,Morelia,,SERVICIOS SAN GABRIEL SA DE CV,PL/3380/EXP/ES/2015,,23.59,28.39,26.89
2026-10-02,Occidente,Michoacán,Morelia,,XOCHITL MOJICA CASTILLO,PL/3343/EXP/ES/2015,,23.99,28.97,26.99
2026-10-02,Occidente,Michoacán,Morelia,,ESTACION LA ANTIGUA VALLADOLID SA DE CV,PL/2771/EXP/ES/2015,,23.99,28.95,26.99
2026-10-02,Occidente,Michoacán,Morelia,,SERVICIOS GASOLINEROS DE MEXICO SA DE CV,PL/2735/EXP/ES/2015,,24.99,29.99,27.00
2026-10-02,Occidente,Michoacán,Morelia,,SUPER COMBUSTIBLES DEL RIO SA DE CV,PL/2640/EXP/ES/2015,,23.55,27.92,
2026-10-02,Occidente,Michoacán,Tarímbaro,,SERVICIOS GASOLINEROS DE MEXICO SA DE CV,PL/25623/EXP/ES/2024,,23.99,29.99,27.99
2026-10-02,Occidente,Michoacán,Morelia,,COMBUSTIBLES HSM SA DE CV,PL/25570/EXP/ES/2024,,23.99,28.89,26.99
2026-10-02,Occidente,Michoacán,Morelia,,CORPORACION GASOLINERA KM PLUS SA DE CV,PL/25053/EXP/ES/2023,,23.99,28.90,27.00
2026-10-02,Occidente,Michoacán,Morelia,,COMBUSTIBLES HSM SA DE CV,PL/24353/EXP/ES/2022,,23.85,28.89,26.99
2026-10-02,Occidente,Michoacán,Charo,,SUPER SERVICIOS JARIPEO SA DE CV,PL/23951/EXP/ES/2022,,23.99,28.28,26.99
2026-10-02,Occidente,Michoacán,Morelia,,GRUPO ALVARIA SA DE CV,PL/2386/EXP/ES/2015,,23.99,28.75,26.99
2026-10-02,Occidente,Michoacán,Tarímbaro,,SERVICIO TARIMBARO SA DE CV,PL/2351/EXP/ES/2015,,23.99,28.95,26.99
2026-10-02,Occidente,Michoacán,Morelia,,SURTILAGO GASOLINERIAS SA DE CV,PL/22650/EXP/ES/2019,,23.59,27.99,26.89
2026-10-02,Occidente,Michoacán,Morelia,,ESTACION DE SERVICIO TAVISA SA DE CV,PL/21062/EXP/ES/2018,,23.69,28.95,26.89
2026-10-02,Occidente,Michoacán,Morelia,,FRANCISCO JAVIER CEDEÑO SERENO,PL/2087/EXP/ES/2015,,23.90,29.30,26.99
2026-10-02,Occidente,Michoacán,Morelia,,FRANCISCO JAVIER CEDEÑO SERENO,PL/2084/EXP/ES/2015,,23.90,29.30,
2026-10-02,Occidente,Michoacán,Morelia,,ARASA GASOLINERA SA DE CV,PL/20113/EXP/ES/2017,,23.91,28.75,27.00
2026-10-02,Occidente,Michoacán,Tarímbaro,,ESTACION Y SERVICIO SAN JUANITO SA DE CV,PL/19557/EXP/ES/2016,,23.99,29.49,28.00
2026-10-02,Occidente,Michoacán,Charo,,SERVICIO CHARO SA DE CV,PL/1920/EXP/ES/2015,,23.58,28.80,26.99
2026-10-02,Occidente,Michoacán,Morelia,,ESTACION DE SERVICIO FAMGAS SA DE CV,PL/1906/EXP/ES/2015,,22.98,27.58,26.58
2026-10-02,Occidente,Michoacán,Morelia,,GILBERTO RIVERA MARTINEZ,PL/18959/EXP/ES/2016,,23.49,28.19,
2026-10-02,Occidente,Michoacán,Tarímbaro,,ARRCO GAS SA DE CV,PL/18932/EXP/ES/2016,,23.99,28.99,26.99
2026-10-02,Occidente,Michoacán,Morelia,,ESTACION DE SERVICIO NOCUPETARO SA DE CV,PL/1861/EXP/ES/2015,,23.09,27.99,26.85
2026-10-02,Occidente,Michoacán,Morelia,,GASOLINERA VALLE REAL SA DE CV,PL/1542/EXP/ES/2015,,23.65,28.74,26.99
2026-10-02,Occidente,Michoacán,Morelia,,AUTO ESTACION COMBUSTIBLES SA DE CV,PL/1527/EXP/ES/2015,,23.90,29.30,26.99
2026-10-02,Occidente,Michoacán,Morelia,,MINI ESTACION DE SERVICIO EL TECNOLOGICO SA DE CV,PL/1504/EXP/ES/2015,,22.99,27.99,
2026-10-02,Occidente,Michoacán,Morelia,,PROMOTORA DE AUTO ESTACIONES SA DE CV,PL/1425/EXP/ES/2015,,23.98,28.95,26.99
2026-10-02,Occidente,Michoacán,Morelia,,INSIGNIA ALTOZANO SA DE CV,PL/1420/EXP/ES/2015,,23.99,28.95,26.99
2026-10-02,Occidente,Michoacán,Morelia,,GASOLINEROS MORELIANOS SA DE CV,PL/13615/EXP/ES/2016,,23.19,27.99,27.00
2026-10-02,Occidente,Michoacán,Morelia,,PROMOTORA DE AUTO ESTACIONES SA DE CV,PL/1345/EXP/ES/2015,,23.99,28.99,
2026-10-02,Occidente,Michoacán,Morelia,,SUPER SERVICIO POZA RICA SA,PL/1312/EXP/ES/2015,,23.90,29.30,26.99
2026-10-02,Occidente,Michoacán,Morelia,,GASOMICH LA HACIENDA SA DE CV,PL/12591/EXP/ES/2015,,23.14,28.27,26.97
2026-10-02,Occidente,Michoacán,Morelia,,AUTO ESTACION INDUSTRIAL SA DE CV,PL/1227/EXP/ES/2015,,23.90,29.30,26.99
2026-10-02,Occidente,Michoacán,Morelia,,GASOMICH JUAREZ SA DE CV,PL/11287/EXP/ES/2015,,23.69,28.69,26.98
2026-10-02,Occidente,Michoacán,Morelia,,GASOLINAS DE MICHOACAN SA DE CV,PL/11286/EXP/ES/2015,,23.85,28.88,26.98
2026-10-02,Occidente,Michoacán,Morelia,,GASO MICH SALAMANCA SA DE CV,PL/11283/EXP/ES/2015,,23.92,28.73,
2026-10-02,Occidente,Michoacán,Morelia,,GASOMICH SA DE CV,PL/11282/EXP/ES/2015,,23.85,28.68,26.98
2026-10-02,Occidente,Michoacán,Morelia,,GASO MICH MICHOACAN SA DE CV,PL/11280/EXP/ES/2015,,23.38,28.69,
2026-10-02,Occidente,Michoacán,Morelia,,SERVICIOS COMBUSTIBLES Y LUB DE MICH SA DE CV,PL/10997/EXP/ES/2015,,23.88,28.79,
2026-10-02,Occidente,Michoacán,Morelia,,GASO MICH MANANTIALES SA DE CV,PL/10976/EXP/ES/2015,,23.79,28.95,26.97
2026-10-02,Occidente,Michoacán,Morelia,,SUPER SERVICIO SANTIAGUITO SA DE CV,PL/10972/EXP/ES/2015,,23.68,28.48,26.97
2026-10-02,Occidente,Michoacán,Morelia,,CAMINO REAL ESTACION DE SERVICIO SA DE CV,PL/10852/EXP/ES/2015,,23.89,28.86,26.99
2026-10-02,Occidente,Michoacán,Morelia,,SERVICIO EXPRESS DE MORELIA SA DE CV,PL/10817/EXP/ES/2015,,23.88,28.77,26.99
2026-10-02,Occidente,Michoacán,Morelia,,MAX ERANDENI SA DE CV,PL/10751/EXP/ES/2015,,23.18,28.48,26.98
2026-10-02,Occidente,Michoacán,Morelia,,GASOLINERIA MORELIA SA DE CV,PL/10660/EXP/ES/2015,,23.95,28.71,26.89
2026-10-02,Occidente,Michoacán,Morelia,,ESTACION DE SERVICIO TRES PUENTES SA DE CV,PL/10579/EXP/ES/2015,,23.09,27.99,26.85
2026-10-02,Occidente,Michoacán,Morelia,,SUPER SERVICIO ACUEDUCTO-MORELIA SA DE CV,PL/10328/EXP/ES/2015,,23.84,28.84,
2026-10-02,Occidente,Michoacán,Morelia,,SERVICIO VERONA SA DE CV,PL/10302/EXP/ES/2015,,23.19,27.99,26.75
2026-10-02,Occidente,Michoacán,Morelia,,SUPER SERVICIO COINTZIO SA DE CV,PL/10276/EXP/ES/2015,,23.15,28.25,26.85
2026-10-02,Occidente,Michoacán,Morelia,,FRANCISCO SEGOVIA MARTINEZ,PL/10224/EXP/ES/2015,,23.95,28.75,27.00
2026-10-02,Occidente,Michoacán,Tarímbaro,,SERVICIO SAN PEDRO DE LOS SAUCES SA DE CV,PL/10085/EXP/ES/2015,,23.99,28.99,27.80
2026-10-02,Occidente,Michoacán,Morelia,,SERVICIO STA EUGENIA SA DE CV,PL/10019/EXP/ES/2015,,23.13,28.23,26.83
2026-10-02,Occidente,Michoacán,Morelia,,ESTACION DE SERVICIO MARMOL SA DE CV,CNE/PL/523/EXP/ES/2025,,22.99,27.99,
2026-10-02,Occidente,Michoacán,Morelia,,ESTACION DE SERVICIO OSCAR CHAVEZ SA DE CV,CNE/PL/452/EXP/ES/2025,,23.79,28.89,26.99
2026-10-02,Occidente,Michoacán,Morelia,,ESTACION DE SERVICIO LA ALDEA SA DE CV,CNE/PL/302/EXP/ES/2025,,23.69,28.88,26.77
2026-10-02,Occidente,Michoacán,Morelia,,PETROCAR DEL SOL SA DE CV,CNE/PL/212/EXP/ES/2025,,23.59,28.64,26.83
2026-10-02,Occidente,Michoacán,Morelia,,ESTACION DE SERVICIO LA MINTZITA SA DE CV,CNE/PL/154/EXP/ES/2025,,23.09,27.89,26.99
2026-10-02,Occidente,Michoacán,Morelia,,PROYECTOS ENERGETICOS ALJO SA DE CV,CNE/PL/15/EXP/ES/2025,,23.69,28.29,26.89
