Fecha,Ambito,Clave,Producto,Promedio,Estaciones
2026-08-19,estado,Aguascalientes,Diesel,27.3191,141
2026-08-19,estado,Aguascalientes,Premium,28.4763,194
2026-08-19,estado,Aguascalientes,Regular,23.5248,221
2026-08-19,estado,Colima,Diesel,27.1805,97
2026-08-19,estado,Colima,Premium,28.4946,117
2026-08-19,estado,Colima,Regular,23.5793,136
2026-08-19,estado,Guanajuato,Diesel,27.2628,505
2026-08-19,estado,Guanajuato,Premium,28.5086,702
2026-08-19,estado,Guanajuato,Regular,23.5059,778
2026-08-19,estado,Jalisco,Diesel,27.2479,716
2026-08-19,estado,Jalisco,Premium,28.5312,958
2026-08-19,estado,Jalisco,Regular,23.5077,1060
2026-08-19,estado,Michoacán,Diesel,27.2551,380
2026-08-19,estado,Michoacán,Premium,28.5040,535
2026-08-19,estado,Michoacán,Regular,23.5124,605
2026-08-19,estado,Zacatecas,Diesel,27.2922,162
2026-08-19,estado,Zacatecas,Premium,28.4683,218
2026-08-19,estado,Zacatecas,Regular,23.4788,246
2026-08-19,nacional,MX,Diesel,27.2537,10022
2026-08-19,nacional,MX,Premium,28.5002,13530
2026-08-19,nacional,MX,Regular,23.5020,15034
2026-08-20,estado,Aguascalientes,Diesel,27.0104,158
2026-08-20,estado,Aguascalientes,Premium,29.0936,202
2026-08-20,estado,Aguascalientes,Regular,23.9245,205
2026-08-20,estado,Colima,Diesel,26.9964,107
2026-08-20,estado,Colima,Premium,28.8391,126
2026-08-20,estado,Colima,Regular,23.8478,130
2026-08-20,estado,Guanajuato,Diesel,27.0607,609
2026-08-20,estado,Guanajuato,Premium,29.0864,696
2026-08-20,estado,Guanajuato,Regular,23.8593,724
2026-08-20,estado,Jalisco,Diesel,27.1267,775
2026-08-20,estado,Jalisco,Premium,29.2826,938
2026-08-20,estado,Jalisco,Regular,23.9745,976
2026-08-20,estado,Michoacán,Diesel,27.0303,509
2026-08-20,estado,Michoacán,Premium,28.9319,539
2026-08-20,estado,Michoacán,Regular,23.9404,556
2026-08-20,estado,Zacatecas,Diesel,27.1095,215
2026-08-20,estado,Zacatecas,Premium,28.7971,189
2026-08-20,estado,Zacatecas,Regular,23.9993,229
2026-08-20,nacional,MX,Diesel,27.0148,10489
2026-08-20,nacional,MX,Premium,28.5063,12988
2026-08-20,nacional,MX,Regular,23.6847,13771
2026-08-21,estado,Aguascalientes,Diesel,27.0104,158
2026-08-21,estado,Aguascalientes,Premium,29.0936,202
2026-08-21,estado,Aguascalientes,Regular,23.9236,205
2026-08-21,estado,Colima,Diesel,26.9964,107
2026-08-21,estado,Colima,Premium,28.8472,126
2026-08-21,estado,Colima,Regular,23.8495,130
2026-08-21,estado,Guanajuato,Diesel,27.0570,610
2026-08-21,estado,Guanajuato,Premium,29.0859,696
2026-08-21,estado,Guanajuato,Regular,23.8575,725
2026-08-21,estado,Jalisco,Diesel,27.1245,775
2026-08-21,estado,Jalisco,Premium,29.2826,938
2026-08-21,estado,Jalisco,Regular,23.9714,976
2026-08-21,estado,Michoacán,Diesel,27.0268,509
2026-08-21,estado,Michoacán,Premium,28.9319,539
2026-08-21,estado,Michoacán,Regular,23.9495,556
2026-08-21,estado,Zacatecas,Diesel,27.1095,215
2026-08-21,estado,Zacatecas,Premium,28.8009,189
2026-08-21,estado,Zacatecas,Regular,23.9993,229
2026-08-21,nacional,MX,Diesel,27.0116,10491
2026-08-21,nacional,MX,Premium,28.5059,12988
2026-08-21,nacional,MX,Regular,23.6831,13773
2026-08-22,estado,Aguascalientes,Diesel,27.0072,158
2026-08-22,estado,Aguascalientes,Premium,29.1407,202
2026-08-22,estado,Aguascalientes,Regular,23.9235,205
2026-08-22,estado,Colima,Diesel,27.0243,107
2026-08-22,estado,Colima,Premium,28.8764,126
2026-08-22,estado,Colima,Regular,23.8495,130
2026-08-22,estado,Guanajuato,Diesel,27.0476,610
2026-08-22,estado,Guanajuato,Premium,29.0857,696
2026-08-22,estado,Guanajuato,Regular,23.8560,725
2026-08-22,estado,Jalisco,Diesel,27.1117,775
2026-08-22,estado,Jalisco,Premium,29.2937,938
2026-08-22,estado,Jalisco,Regular,23.9678,976
2026-08-22,estado,Michoacán,Diesel,27.0220,509
2026-08-22,estado,Michoacán,Premium,28.9237,539
2026-08-22,estado,Michoacán,Regular,23.9656,556
2026-08-22,estado,Zacatecas,Diesel,27.1208,215
2026-08-22,estado,Zacatecas,Premium,28.8031,189
2026-08-22,estado,Zacatecas,Regular,23.9993,229
2026-08-22,nacional,MX,Diesel,27.0086,10495
2026-08-22,nacional,MX,Premium,28.5085,12991
2026-08-22,nacional,MX,Regular,23.6841,13779
2026-08-23,estado,Aguascalientes,Diesel,27.0073,158
2026-08-23,estado,Aguascalientes,Premium,29.1422,202
2026-08-23,estado,Aguascalientes,Regular,23.9236,205
2026-08-23,estado,Colima,Diesel,27.0243,107
2026-08-23,estado,Colima,Premium,28.8883,126
2026-08-23,estado,Colima,Regular,23.8495,130
2026-08-23,estado,Guanajuato,Diesel,27.0485,610
2026-08-23,estado,Guanajuato,Premium,29.0908,696
2026-08-23,estado,Guanajuato,Regular,23.8566,725
2026-08-23,estado,Jalisco,Diesel,27.1280,775
2026-08-23,estado,Jalisco,Premium,29.2963,938
2026-08-23,estado,Jalisco,Regular,23.9694,976
2026-08-23,estado,Michoacán,Diesel,27.0282,509
2026-08-23,estado,Michoacán,Premium,28.9338,539
2026-08-23,estado,Michoacán,Regular,23.9643,556
2026-08-23,estado,Zacatecas,Diesel,27.1208,215
2026-08-23,estado,Zacatecas,Premium,28.8048,189
2026-08-23,estado,Zacatecas,Regular,23.9993,229
2026-08-23,nacional,MX,Diesel,27.0115,10495
2026-08-23,nacional,MX,Premium,28.5112,12991
2026-08-23,nacional,MX,Regular,23.6843,13780
2026-08-24,estado,Aguascalientes,Diesel,27.0073,158
2026-08-24,estado,Aguascalientes,Premium,29.1422,202
2026-08-24,estado,Aguascalientes,Regular,23.9236,205
2026-08-24,estado,Colima,Diesel,27.0243,107
2026-08-24,estado,Colima,Premium,28.8883,126
2026-08-24,estado,Colima,Regular,23.8495,130
2026-08-24,estado,Guanajuato,Diesel,27.0506,611
2026-08-24,estado,Guanajuato,Premium,29.0890,697
2026-08-24,estado,Guanajuato,Regular,23.8557,726
2026-08-24,estado,Jalisco,Diesel,27.1308,775
2026-08-24,estado,Jalisco,Premium,29.2974,938
2026-08-24,estado,Jalisco,Regular,23.9722,976
2026-08-24,estado,Michoacán,Diesel,27.0256,509
2026-08-24,estado,Michoacán,Premium,28.9365,539
2026-08-24,estado,Michoacán,Regular,23.9654,556
2026-08-24,estado,Zacatecas,Diesel,27.1208,215
2026-08-24,estado,Zacatecas,Premium,28.8048,189
2026-08-24,estado,Zacatecas,Regular,23.9993,229
2026-08-24,nacional,MX,Diesel,27.0118,10496
2026-08-24,nacional,MX,Premium,28.5119,12992
2026-08-24,nacional,MX,Regular,23.6848,13781
2026-08-25,estado,Aguascalientes,Diesel,27.0073,158
2026-08-25,estado,Aguascalientes,Premium,29.1342,202
2026-08-25,estado,Aguascalientes,Regular,23.9255,205
2026-08-25,estado,Colima,Diesel,26.9964,107
2026-08-25,estado,Colima,Premium,28.8836,126
2026-08-25,estado,Colima,Regular,23.8495,130
2026-08-25,estado,Guanajuato,Diesel,27.0500,611
2026-08-25,estado,Guanajuato,Premium,29.0920,697
2026-08-25,estado,Guanajuato,Regular,23.8536,726
2026-08-25,estado,Jalisco,Diesel,27.1351,775
2026-08-25,estado,Jalisco,Premium,29.3174,938
2026-08-25,estado,Jalisco,Regular,23.9730,976
2026-08-25,estado,Michoacán,Diesel,27.0236,509
2026-08-25,estado,Michoacán,Premium,28.9371,539
2026-08-25,estado,Michoacán,Regular,23.9658,556
2026-08-25,estado,Zacatecas,Diesel,27.1094,215
2026-08-25,estado,Zacatecas,Premium,28.8090,189
2026-08-25,estado,Zacatecas,Regular,23.9993,229
2026-08-25,nacional,MX,Diesel,27.0115,10496
2026-08-25,nacional,MX,Premium,28.5175,12992
2026-08-25,nacional,MX,Regular,23.6857,13781
2026-08-26,estado,Aguascalientes,Diesel,27.0072,158
2026-08-26,estado,Aguascalientes,Premium,29.1211,202
2026-08-26,estado,Aguascalientes,Regular,23.9264,205
2026-08-26,estado,Colima,Diesel,26.9964,107
2026-08-26,estado,Colima,Premium,28.8984,126
2026-08-26,estado,Colima,Regular,23.8495,130
2026-08-26,estado,Guanajuato,Diesel,27.0586,612
2026-08-26,estado,Guanajuato,Premium,29.0901,698
2026-08-26,estado,Guanajuato,Regular,23.8482,727
2026-08-26,estado,Jalisco,Diesel,27.1319,775
2026-08-26,estado,Jalisco,Premium,29.3216,938
2026-08-26,estado,Jalisco,Regular,23.9705,976
2026-08-26,estado,Michoacán,Diesel,27.0236,509
2026-08-26,estado,Michoacán,Premium,28.9412,539
2026-08-26,estado,Michoacán,Regular,23.9653,556
2026-08-26,estado,Zacatecas,Diesel,27.1094,215
2026-08-26,estado,Zacatecas,Premium,28.8095,189
2026-08-26,estado,Zacatecas,Regular,23.9993,229
2026-08-26,nacional,MX,Diesel,27.0110,10496
2026-08-26,nacional,MX,Premium,28.5287,12993
2026-08-26,nacional,MX,Regular,23.6851,13781
2026-08-27,estado,Aguascalientes,Diesel,27.0072,158
2026-08-27,estado,Aguascalientes,Premium,29.1238,202
2026-08-27,estado,Aguascalientes,Regular,23.9264,205
2026-08-27,estado,Colima,Diesel,26.9964,107
2026-08-27,estado,Colima,Premium,28.8921,126
2026-08-27,estado,Colima,Regular,23.8495,130
2026-08-27,estado,Guanajuato,Diesel,27.0601,612
2026-08-27,estado,Guanajuato,Premium,29.0920,698
2026-08-27,estado,Guanajuato,Regular,23.8524,727
2026-08-27,estado,Jalisco,Diesel,27.1304,775
2026-08-27,estado,Jalisco,Premium,29.3258,938
2026-08-27,estado,Jalisco,Regular,23.9725,976
2026-08-27,estado,Michoacán,Diesel,27.0242,509
2026-08-27,estado,Michoacán,Premium,28.9448,539
2026-08-27,estado,Michoacán,Regular,23.9638,556
2026-08-27,estado,Zacatecas,Diesel,27.1094,215
2026-08-27,estado,Zacatecas,Premium,28.8131,189
2026-08-27,estado,Zacatecas,Regular,23.9993,229
2026-08-27,nacional,MX,Diesel,27.0101,10498
2026-08-27,nacional,MX,Premium,28.5338,12995
2026-08-27,nacional,MX,Regular,23.6852,13783
2026-08-28,estado,Aguascalientes,Diesel,27.0053,158
2026-08-28,estado,Aguascalientes,Premium,29.1265,202
2026-08-28,estado,Aguascalientes,Regular,23.9264,205
2026-08-28,estado,Colima,Diesel,27.0057,107
2026-08-28,estado,Colima,Premium,28.8935,126
2026-08-28,estado,Colima,Regular,23.8387,130
2026-08-28,estado,Guanajuato,Diesel,27.0595,612
2026-08-28,estado,Guanajuato,Premium,29.0961,698
2026-08-28,estado,Guanajuato,Regular,23.8507,727
2026-08-28,estado,Jalisco,Diesel,27.1173,776
2026-08-28,estado,Jalisco,Premium,29.3277,939
2026-08-28,estado,Jalisco,Regular,23.9673,977
2026-08-28,estado,Michoacán,Diesel,27.0168,509
2026-08-28,estado,Michoacán,Premium,28.9478,539
2026-08-28,estado,Michoacán,Regular,23.9659,556
2026-08-28,estado,Zacatecas,Diesel,27.1094,215
2026-08-28,estado,Zacatecas,Premium,28.8309,189
2026-08-28,estado,Zacatecas,Regular,23.9993,229
2026-08-28,nacional,MX,Diesel,27.0072,10499
2026-08-28,nacional,MX,Premium,28.5365,12997
2026-08-28,nacional,MX,Regular,23.6839,13784
2026-08-29,estado,Aguascalientes,Diesel,27.0241,158
2026-08-29,estado,Aguascalientes,Premium,29.1508,202
2026-08-29,estado,Aguascalientes,Regular,23.9245,205
2026-08-29,estado,Colima,Diesel,27.0243,107
2026-08-29,estado,Colima,Premium,28.8844,126
2026-08-29,estado,Colima,Regular,23.8348,130
2026-08-29,estado,Guanajuato,Diesel,27.0654,612
2026-08-29,estado,Guanajuato,Premium,29.1033,698
2026-08-29,estado,Guanajuato,Regular,23.8497,727
2026-08-29,estado,Jalisco,Diesel,27.1253,776
2026-08-29,estado,Jalisco,Premium,29.3321,939
2026-08-29,estado,Jalisco,Regular,23.9632,977
2026-08-29,estado,Michoacán,Diesel,27.0151,510
2026-08-29,estado,Michoacán,Premium,28.9596,540
2026-08-29,estado,Michoacán,Regular,23.9646,557
2026-08-29,estado,Zacatecas,Diesel,27.1094,215
2026-08-29,estado,Zacatecas,Premium,28.8323,189
2026-08-29,estado,Zacatecas,Regular,23.9993,229
2026-08-29,nacional,MX,Diesel,27.0099,10499
2026-08-29,nacional,MX,Premium,28.5402,12998
2026-08-29,nacional,MX,Regular,23.6792,13785
2026-08-30,estado,Aguascalientes,Diesel,27.0241,158
2026-08-30,estado,Aguascalientes,Premium,29.1534,202
2026-08-30,estado,Aguascalientes,Regular,23.9264,205
2026-08-30,estado,Colima,Diesel,27.0243,107
2026-08-30,estado,Colima,Premium,28.8878,126
2026-08-30,estado,Colima,Regular,23.8348,130
2026-08-30,estado,Guanajuato,Diesel,27.0660,612
2026-08-30,estado,Guanajuato,Premium,29.1084,698
2026-08-30,estado,Guanajuato,Regular,23.8507,727
2026-08-30,estado,Jalisco,Diesel,27.1267,777
2026-08-30,estado,Jalisco,Premium,29.3340,940
2026-08-30,estado,Jalisco,Regular,23.9642,978
2026-08-30,estado,Michoacán,Diesel,27.0181,511
2026-08-30,estado,Michoacán,Premium,28.9672,541
2026-08-30,estado,Michoacán,Regular,23.9555,558
2026-08-30,estado,Zacatecas,Diesel,27.1094,215
2026-08-30,estado,Zacatecas,Premium,28.8328,189
2026-08-30,estado,Zacatecas,Regular,23.9993,229
2026-08-30,nacional,MX,Diesel,27.0121,10500
2026-08-30,nacional,MX,Premium,28.5453,12999
2026-08-30,nacional,MX,Regular,23.6784,13786
2026-08-31,estado,Aguascalientes,Diesel,27.0241,158
2026-08-31,estado,Aguascalientes,Premium,29.1534,202
2026-08-31,estado,Aguascalientes,Regular,23.9264,205
2026-08-31,estado,Colima,Diesel,27.0243,107
2026-08-31,estado,Colima,Premium,28.8846,126
2026-08-31,estado,Colima,Regular,23.8341,130
2026-08-31,estado,Guanajuato,Diesel,27.0660,612
2026-08-31,estado,Guanajuato,Premium,29.1084,698
2026-08-31,estado,Guanajuato,Regular,23.8507,727
2026-08-31,estado,Jalisco,Diesel,27.1267,777
2026-08-31,estado,Jalisco,Premium,29.3344,940
2026-08-31,estado,Jalisco,Regular,23.9642,978
2026-08-31,estado,Michoacán,Diesel,27.0181,511
2026-08-31,estado,Michoacán,Premium,28.9715,541
2026-08-31,estado,Michoacán,Regular,23.9580,558
2026-08-31,estado,Zacatecas,Diesel,27.1094,215
2026-08-31,estado,Zacatecas,Premium,28.8328,189
2026-08-31,estado,Zacatecas,Regular,23.9993,229
2026-08-31,nacional,MX,Diesel,27.0121,10500
2026-08-31,nacional,MX,Premium,28.5459,12999
2026-08-31,nacional,MX,Regular,23.6767,13786
2026-09-01,estado,Aguascalientes,Diesel,27.0241,158
2026-09-01,estado,Aguascalientes,Premium,29.1588,202
2026-09-01,estado,Aguascalientes,Regular,23.9285,205
2026-09-01,estado,Colima,Diesel,27.0057,107
2026-09-01,estado,Colima,Premium,28.8846,126
2026-09-01,estado,Colima,Regular,23.8341,130
2026-09-01,estado,Guanajuato,Diesel,27.0612,612
2026-09-01,estado,Guanajuato,Premium,29.1117,698
2026-09-01,estado,Guanajuato,Regular,23.8529,727
2026-09-01,estado,Jalisco,Diesel,27.1292,777
2026-09-01,estado,Jalisco,Premium,29.3424,940
2026-09-01,estado,Jalisco,Regular,23.9659,978
2026-09-01,estado,Michoacán,Diesel,27.0171,512
2026-09-01,estado,Michoacán,Premium,28.9714,542
2026-09-01,estado,Michoacán,Regular,23.9576,559
2026-09-01,estado,Zacatecas,Diesel,27.1094,215
2026-09-01,estado,Zacatecas,Premium,28.8383,189
2026-09-01,estado,Zacatecas,Regular,23.9993,229
2026-09-01,nacional,MX,Diesel,27.0113,10502
2026-09-01,nacional,MX,Premium,28.5510,13001
2026-09-01,nacional,MX,Regular,23.6761,13788
2026-09-02,estado,Aguascalientes,Diesel,27.0241,158
2026-09-02,estado,Aguascalientes,Premium,29.1616,202
2026-09-02,estado,Aguascalientes,Regular,23.9285,205
2026-09-02,estado,Colima,Diesel,27.0057,107
2026-09-02,estado,Colima,Premium,28.8850,126
2026-09-02,estado,Colima,Regular,23.8333,130
2026-09-02,estado,Guanajuato,Diesel,27.0610,612
2026-09-02,estado,Guanajuato,Premium,29.1131,698
2026-09-02,estado,Guanajuato,Regular,23.8432,727
2026-09-02,estado,Jalisco,Diesel,27.1329,777
2026-09-02,estado,Jalisco,Premium,29.3467,940
2026-09-02,estado,Jalisco,Regular,23.9655,978
2026-09-02,estado,Michoacán,Diesel,27.0196,512
2026-09-02,estado,Michoacán,Premium,28.9748,542
2026-09-02,estado,Michoacán,Regular,23.9541,559
2026-09-02,estado,Zacatecas,Diesel,27.1094,215
2026-09-02,estado,Zacatecas,Premium,28.8381,189
2026-09-02,estado,Zacatecas,Regular,23.9993,229
2026-09-02,nacional,MX,Diesel,27.0114,10502
2026-09-02,nacional,MX,Premium,28.5556,13001
2026-09-02,nacional,MX,Regular,23.6722,13788
2026-09-03,estado,Aguascalientes,Diesel,27.0241,158
2026-09-03,estado,Aguascalientes,Premium,29.1636,202
2026-09-03,estado,Aguascalientes,Regular,23.9285,205
2026-09-03,estado,Colima,Diesel,27.0057,107
2026-09-03,estado,Colima,Premium,28.8842,126
2026-09-03,estado,Colima,Regular,23.8333,130
2026-09-03,estado,Guanajuato,Diesel,27.0617,612
2026-09-03,estado,Guanajuato,Premium,29.1178,698
2026-09-03,estado,Guanajuato,Regular,23.8465,727
2026-09-03,estado,Jalisco,Diesel,27.1344,777
2026-09-03,estado,Jalisco,Premium,29.3535,940
2026-09-03,estado,Jalisco,Regular,23.9764,978
2026-09-03,estado,Michoacán,Diesel,27.0197,512
2026-09-03,estado,Michoacán,Premium,28.9736,542
2026-09-03,estado,Michoacán,Regular,23.9512,559
2026-09-03,estado,Zacatecas,Diesel,27.1094,215
2026-09-03,estado,Zacatecas,Premium,28.8381,189
2026-09-03,estado,Zacatecas,Regular,23.9993,229
2026-09-03,nacional,MX,Diesel,27.0096,10503
2026-09-03,nacional,MX,Premium,28.5594,13002
2026-09-03,nacional,MX,Regular,23.6787,13789
2026-09-04,estado,Aguascalientes,Diesel,27.0241,158
2026-09-04,estado,Aguascalientes,Premium,29.1661,202
2026-09-04,estado,Aguascalientes,Regular,23.9285,205
2026-09-04,estado,Colima,Diesel,27.0057,107
2026-09-04,estado,Colima,Premium,28.8842,126
2026-09-04,estado,Colima,Regular,23.8333,130
2026-09-04,estado,Guanajuato,Diesel,27.0614,612
2026-09-04,estado,Guanajuato,Premium,29.1209,698
2026-09-04,estado,Guanajuato,Regular,23.8456,727
2026-09-04,estado,Jalisco,Diesel,27.1306,777
2026-09-04,estado,Jalisco,Premium,29.3621,940
2026-09-04,estado,Jalisco,Regular,23.9713,978
2026-09-04,estado,Michoacán,Diesel,27.0235,512
2026-09-04,estado,Michoacán,Premium,28.9782,542
2026-09-04,estado,Michoacán,Regular,23.9550,559
2026-09-04,estado,Zacatecas,Diesel,27.1020,215
2026-09-04,estado,Zacatecas,Premium,28.8386,189
2026-09-04,estado,Zacatecas,Regular,23.9933,229
2026-09-04,nacional,MX,Diesel,27.0074,10506
2026-09-04,nacional,MX,Premium,28.5625,13004
2026-09-04,nacional,MX,Regular,23.6766,13791
2026-09-05,estado,Aguascalientes,Diesel,27.0178,158
2026-09-05,estado,Aguascalientes,Premium,29.1725,202
2026-09-05,estado,Aguascalientes,Regular,23.9236,205
2026-09-05,estado,Colima,Diesel,27.0243,107
2026-09-05,estado,Colima,Premium,28.8900,126
2026-09-05,estado,Colima,Regular,23.8333,130
2026-09-05,estado,Guanajuato,Diesel,27.0588,612
2026-09-05,estado,Guanajuato,Premium,29.1314,698
2026-09-05,estado,Guanajuato,Regular,23.8435,727
2026-09-05,estado,Jalisco,Diesel,27.1211,777
2026-09-05,estado,Jalisco,Premium,29.3635,940
2026-09-05,estado,Jalisco,Regular,23.9741,978
2026-09-05,estado,Michoacán,Diesel,27.0235,512
2026-09-05,estado,Michoacán,Premium,28.9940,542
2026-09-05,estado,Michoacán,Regular,23.9570,559
2026-09-05,estado,Zacatecas,Diesel,27.1020,215
2026-09-05,estado,Zacatecas,Premium,28.8387,189
2026-09-05,estado,Zacatecas,Regular,23.9933,228
2026-09-05,nacional,MX,Diesel,27.0058,10506
2026-09-05,nacional,MX,Premium,28.5663,13004
2026-09-05,nacional,MX,Regular,23.6764,13789
2026-09-06,estado,Aguascalientes,Diesel,27.0178,158
2026-09-06,estado,Aguascalientes,Premium,29.1735,202
2026-09-06,estado,Aguascalientes,Regular,23.9238,205
2026-09-06,estado,Colima,Diesel,27.0243,107
2026-09-06,estado,Colima,Premium,28.8829,126
2026-09-06,estado,Colima,Regular,23.8333,130
2026-09-06,estado,Guanajuato,Diesel,27.0590,612
2026-09-06,estado,Guanajuato,Premium,29.1307,698
2026-09-06,estado,Guanajuato,Regular,23.8435,727
2026-09-06,estado,Jalisco,Diesel,27.1292,777
2026-09-06,estado,Jalisco,Premium,29.3682,940
2026-09-06,estado,Jalisco,Regular,23.9786,978
2026-09-06,estado,Michoacán,Diesel,27.0249,511
2026-09-06,estado,Michoacán,Premium,28.9824,541
2026-09-06,estado,Michoacán,Regular,23.9530,558
2026-09-06,estado,Zacatecas,Diesel,27.1094,215
2026-09-06,estado,Zacatecas,Premium,28.8387,189
2026-09-06,estado,Zacatecas,Regular,23.9993,228
2026-09-06,nacional,MX,Diesel,27.0086,10505
2026-09-06,nacional,MX,Premium,28.5662,13003
2026-09-06,nacional,MX,Regular,23.6767,13790
2026-09-07,estado,Aguascalientes,Diesel,27.0178,158
2026-09-07,estado,Aguascalientes,Premium,29.1735,202
2026-09-07,estado,Aguascalientes,Regular,23.9238,205
2026-09-07,estado,Colima,Diesel,27.0243,107
2026-09-07,estado,Colima,Premium,28.8829,126
2026-09-07,estado,Colima,Regular,23.8333,130
2026-09-07,estado,Guanajuato,Diesel,27.0590,612
2026-09-07,estado,Guanajuato,Premium,29.1315,698
2026-09-07,estado,Guanajuato,Regular,23.8441,727
2026-09-07,estado,Jalisco,Diesel,27.1311,777
2026-09-07,estado,Jalisco,Premium,29.3682,940
2026-09-07,estado,Jalisco,Regular,23.9796,978
2026-09-07,estado,Michoacán,Diesel,27.0256,511
2026-09-07,estado,Michoacán,Premium,28.9872,541
2026-09-07,estado,Michoacán,Regular,23.9532,558
2026-09-07,estado,Zacatecas,Diesel,27.1094,215
2026-09-07,estado,Zacatecas,Premium,28.8387,189
2026-09-07,estado,Zacatecas,Regular,23.9993,228
2026-09-07,nacional,MX,Diesel,27.0086,10505
2026-09-07,nacional,MX,Premium,28.5662,13003
2026-09-07,nacional,MX,Regular,23.6766,13790
2026-09-08,estado,Aguascalientes,Diesel,27.0178,158
2026-09-08,estado,Aguascalientes,Premium,29.1761,202
2026-09-08,estado,Aguascalientes,Regular,23.9257,205
2026-09-08,estado,Colima,Diesel,27.0057,107
2026-09-08,estado,Colima,Premium,28.8829,126
2026-09-08,estado,Colima,Regular,23.8333,130
2026-09-08,estado,Guanajuato,Diesel,27.0636,612
2026-09-08,estado,Guanajuato,Premium,29.1340,698
2026-09-08,estado,Guanajuato,Regular,23.8530,727
2026-09-08,estado,Jalisco,Diesel,27.1327,777
2026-09-08,estado,Jalisco,Premium,29.3762,940
2026-09-08,estado,Jalisco,Regular,23.9840,978
2026-09-08,estado,Michoacán,Diesel,27.0251,511
2026-09-08,estado,Michoacán,Premium,28.9880,541
2026-09-08,estado,Michoacán,Regular,23.9514,558
2026-09-08,estado,Zacatecas,Diesel,27.1099,215
2026-09-08,estado,Zacatecas,Premium,28.8414,189
2026-09-08,estado,Zacatecas,Regular,23.9967,228
2026-09-08,nacional,MX,Diesel,27.0094,10504
2026-09-08,nacional,MX,Premium,28.5710,13003
2026-09-08,nacional,MX,Regular,23.6785,13789
2026-09-09,estado,Aguascalientes,Diesel,27.0178,158
2026-09-09,estado,Aguascalientes,Premium,29.1771,202
2026-09-09,estado,Aguascalientes,Regular,23.9257,205
2026-09-09,estado,Colima,Diesel,27.0057,107
2026-09-09,estado,Colima,Premium,28.8829,126
2026-09-09,estado,Colima,Regular,23.8333,130
2026-09-09,estado,Guanajuato,Diesel,27.0625,612
2026-09-09,estado,Guanajuato,Premium,29.1302,698
2026-09-09,estado,Guanajuato,Regular,23.8493,727
2026-09-09,estado,Jalisco,Diesel,27.1334,777
2026-09-09,estado,Jalisco,Premium,29.3682,940
2026-09-09,estado,Jalisco,Regular,23.9839,978
2026-09-09,estado,Michoacán,Diesel,27.0249,511
2026-09-09,estado,Michoacán,Premium,28.9952,541
2026-09-09,estado,Michoacán,Regular,23.9492,558
2026-09-09,estado,Zacatecas,Diesel,27.1099,215
2026-09-09,estado,Zacatecas,Premium,28.8456,189
2026-09-09,estado,Zacatecas,Regular,23.9975,228
2026-09-09,nacional,MX,Diesel,27.0094,10505
2026-09-09,nacional,MX,Premium,28.5710,13004
2026-09-09,nacional,MX,Regular,23.6799,13789
2026-09-10,estado,Aguascalientes,Diesel,27.0241,158
2026-09-10,estado,Aguascalientes,Premium,29.1771,202
2026-09-10,estado,Aguascalientes,Regular,23.9257,205
2026-09-10,estado,Colima,Diesel,27.0057,107
2026-09-10,estado,Colima,Premium,28.8837,126
2026-09-10,estado,Colima,Regular,23.8333,130
2026-09-10,estado,Guanajuato,Diesel,27.0639,612
2026-09-10,estado,Guanajuato,Premium,29.1333,698
2026-09-10,estado,Guanajuato,Regular,23.8589,727
2026-09-10,estado,Jalisco,Diesel,27.1334,778
2026-09-10,estado,Jalisco,Premium,29.3706,941
2026-09-10,estado,Jalisco,Regular,23.9862,979
2026-09-10,estado,Michoacán,Diesel,27.0208,511
2026-09-10,estado,Michoacán,Premium,28.9991,541
2026-09-10,estado,Michoacán,Regular,23.9482,558
2026-09-10,estado,Zacatecas,Diesel,27.1114,216
2026-09-10,estado,Zacatecas,Premium,28.8438,190
2026-09-10,estado,Zacatecas,Regular,23.9970,229
2026-09-10,nacional,MX,Diesel,27.0075,10509
2026-09-10,nacional,MX,Premium,28.5716,13008
2026-09-10,nacional,MX,Regular,23.6797,13792
2026-09-11,estado,Aguascalientes,Diesel,27.0272,158
2026-09-11,estado,Aguascalientes,Premium,29.1771,202
2026-09-11,estado,Aguascalientes,Regular,23.9257,205
2026-09-11,estado,Colima,Diesel,27.0057,107
2026-09-11,estado,Colima,Premium,28.8793,126
2026-09-11,estado,Colima,Regular,23.8333,130
2026-09-11,estado,Guanajuato,Diesel,27.0641,612
2026-09-11,estado,Guanajuato,Premium,29.1306,698
2026-09-11,estado,Guanajuato,Regular,23.8572,727
2026-09-11,estado,Jalisco,Diesel,27.1282,778
2026-09-11,estado,Jalisco,Premium,29.3706,941
2026-09-11,estado,Jalisco,Regular,23.9793,979
2026-09-11,estado,Michoacán,Diesel,27.0214,511
2026-09-11,estado,Michoacán,Premium,29.0011,541
2026-09-11,estado,Michoacán,Regular,23.9499,558
2026-09-11,estado,Zacatecas,Diesel,27.1114,216
2026-09-11,estado,Zacatecas,Premium,28.8448,190
2026-09-11,estado,Zacatecas,Regular,23.9970,229
2026-09-11,nacional,MX,Diesel,27.0030,10509
2026-09-11,nacional,MX,Premium,28.5718,13008
2026-09-11,nacional,MX,Regular,23.6771,13793
2026-09-12,estado,Aguascalientes,Diesel,27.0285,158
2026-09-12,estado,Aguascalientes,Premium,29.1771,202
2026-09-12,estado,Aguascalientes,Regular,23.9203,205
2026-09-12,estado,Colima,Diesel,27.0243,107
2026-09-12,estado,Colima,Premium,28.8793,126
2026-09-12,estado,Colima,Regular,23.8333,130
2026-09-12,estado,Guanajuato,Diesel,27.0642,612
2026-09-12,estado,Guanajuato,Premium,29.1344,698
2026-09-12,estado,Guanajuato,Regular,23.8424,727
2026-09-12,estado,Jalisco,Diesel,27.1093,778
2026-09-12,estado,Jalisco,Premium,29.3769,941
2026-09-12,estado,Jalisco,Regular,23.9823,979
2026-09-12,estado,Michoacán,Diesel,27.0217,511
2026-09-12,estado,Michoacán,Premium,29.0050,541
2026-09-12,estado,Michoacán,Regular,23.9522,558
2026-09-12,estado,Zacatecas,Diesel,27.1113,216
2026-09-12,estado,Zacatecas,Premium,28.8463,190
2026-09-12,estado,Zacatecas,Regular,23.9966,230
2026-09-12,nacional,MX,Diesel,26.9994,10510
2026-09-12,nacional,MX,Premium,28.5739,13010
2026-09-12,nacional,MX,Regular,23.6757,13794
2026-09-13,estado,Aguascalientes,Diesel,27.0347,158
2026-09-13,estado,Aguascalientes,Premium,29.1771,202
2026-09-13,estado,Aguascalientes,Regular,23.9203,205
2026-09-13,estado,Colima,Diesel,27.0243,107
2026-09-13,estado,Colima,Premium,28.8793,126
2026-09-13,estado,Colima,Regular,23.8333,130
2026-09-13,estado,Guanajuato,Diesel,27.0651,612
2026-09-13,estado,Guanajuato,Premium,29.1378,697
2026-09-13,estado,Guanajuato,Regular,23.8429,726
2026-09-13,estado,Jalisco,Diesel,27.1160,779
2026-09-13,estado,Jalisco,Premium,29.3763,942
2026-09-13,estado,Jalisco,Regular,23.9864,981
2026-09-13,estado,Michoacán,Diesel,27.0204,512
2026-09-13,estado,Michoacán,Premium,29.0012,542
2026-09-13,estado,Michoacán,Regular,23.9537,559
2026-09-13,estado,Zacatecas,Diesel,27.1113,216
2026-09-13,estado,Zacatecas,Premium,28.8463,190
2026-09-13,estado,Zacatecas,Regular,23.9966,230
2026-09-13,nacional,MX,Diesel,26.9978,10512
2026-09-13,nacional,MX,Premium,28.5716,13011
2026-09-13,nacional,MX,Regular,23.6702,13794
2026-09-14,estado,Aguascalientes,Diesel,27.0347,158
2026-09-14,estado,Aguascalientes,Premium,29.1771,202
2026-09-14,estado,Aguascalientes,Regular,23.9203,205
2026-09-14,estado,Colima,Diesel,27.0243,107
2026-09-14,estado,Colima,Premium,28.8793,126
2026-09-14,estado,Colima,Regular,23.8333,130
2026-09-14,estado,Guanajuato,Diesel,27.0651,612
2026-09-14,estado,Guanajuato,Premium,29.1376,697
2026-09-14,estado,Guanajuato,Regular,23.8429,726
2026-09-14,estado,Jalisco,Diesel,27.1166,779
2026-09-14,estado,Jalisco,Premium,29.3763,942
2026-09-14,estado,Jalisco,Regular,23.9869,981
2026-09-14,estado,Michoacán,Diesel,27.0212,512
2026-09-14,estado,Michoacán,Premium,29.0027,542
2026-09-14,estado,Michoacán,Regular,23.9538,559
2026-09-14,estado,Zacatecas,Diesel,27.1113,216
2026-09-14,estado,Zacatecas,Premium,28.8463,190
2026-09-14,estado,Zacatecas,Regular,23.9972,229
2026-09-14,nacional,MX,Diesel,26.9988,10512
2026-09-14,nacional,MX,Premium,28.5718,13011
2026-09-14,nacional,MX,Regular,23.6721,13792
2026-09-15,estado,Aguascalientes,Diesel,27.0347,158
2026-09-15,estado,Aguascalientes,Premium,29.1771,202
2026-09-15,estado,Aguascalientes,Regular,23.9223,205
2026-09-15,estado,Colima,Diesel,27.0057,107
2026-09-15,estado,Colima,Premium,28.8750,126
2026-09-15,estado,Colima,Regular,23.8325,130
2026-09-15,estado,Guanajuato,Diesel,27.0427,611
2026-09-15,estado,Guanajuato,Premium,29.1458,696
2026-09-15,estado,Guanajuato,Regular,23.8488,725
2026-09-15,estado,Jalisco,Diesel,27.1183,778
2026-09-15,estado,Jalisco,Premium,29.3747,942
2026-09-15,estado,Jalisco,Regular,23.9883,981
2026-09-15,estado,Michoacán,Diesel,27.0236,512
2026-09-15,estado,Michoacán,Premium,29.0114,542
2026-09-15,estado,Michoacán,Regular,23.9554,559
2026-09-15,estado,Zacatecas,Diesel,27.1113,216
2026-09-15,estado,Zacatecas,Premium,28.8463,190
2026-09-15,estado,Zacatecas,Regular,23.9972,229
2026-09-15,nacional,MX,Diesel,27.0006,10510
2026-09-15,nacional,MX,Premium,28.5737,13011
2026-09-15,nacional,MX,Regular,23.6773,13792
2026-09-16,estado,Aguascalientes,Diesel,27.0347,158
2026-09-16,estado,Aguascalientes,Premium,29.1736,202
2026-09-16,estado,Aguascalientes,Regular,23.9223,205
2026-09-16,estado,Colima,Diesel,27.0057,107
2026-09-16,estado,Colima,Premium,28.8865,126
2026-09-16,estado,Colima,Regular,23.8325,130
2026-09-16,estado,Guanajuato,Diesel,27.0402,610
2026-09-16,estado,Guanajuato,Premium,29.1480,695
2026-09-16,estado,Guanajuato,Regular,23.8470,724
2026-09-16,estado,Jalisco,Diesel,27.1097,778
2026-09-16,estado,Jalisco,Premium,29.3765,942
2026-09-16,estado,Jalisco,Regular,23.9854,981
2026-09-16,estado,Michoacán,Diesel,27.0236,512
2026-09-16,estado,Michoacán,Premium,29.0105,542
2026-09-16,estado,Michoacán,Regular,23.9527,559
2026-09-16,estado,Zacatecas,Diesel,27.1113,216
2026-09-16,estado,Zacatecas,Premium,28.8489,190
2026-09-16,estado,Zacatecas,Regular,24.0003,229
2026-09-16,nacional,MX,Diesel,27.0007,10509
2026-09-16,nacional,MX,Premium,28.5733,13010
2026-09-16,nacional,MX,Regular,23.6785,13792
2026-09-17,estado,Aguascalientes,Diesel,27.0347,158
2026-09-17,estado,Aguascalientes,Premium,29.1736,202
2026-09-17,estado,Aguascalientes,Regular,23.9223,205
2026-09-17,estado,Colima,Diesel,27.0057,107
2026-09-17,estado,Colima,Premium,28.8937,126
2026-09-17,estado,Colima,Regular,23.8325,130
2026-09-17,estado,Guanajuato,Diesel,27.0258,610
2026-09-17,estado,Guanajuato,Premium,29.1484,695
2026-09-17,estado,Guanajuato,Regular,23.8573,724
2026-09-17,estado,Jalisco,Diesel,27.1093,778
2026-09-17,estado,Jalisco,Premium,29.3771,942
2026-09-17,estado,Jalisco,Regular,23.9874,981
2026-09-17,estado,Michoacán,Diesel,27.0236,512
2026-09-17,estado,Michoacán,Premium,29.0124,542
2026-09-17,estado,Michoacán,Regular,23.9518,559
2026-09-17,estado,Zacatecas,Diesel,27.1113,216
2026-09-17,estado,Zacatecas,Premium,28.8489,190
2026-09-17,estado,Zacatecas,Regular,24.0003,229
2026-09-17,nacional,MX,Diesel,27.0004,10509
2026-09-17,nacional,MX,Premium,28.5738,13010
2026-09-17,nacional,MX,Regular,23.6811,13791
2026-09-18,estado,Aguascalientes,Diesel,27.0347,158
2026-09-18,estado,Aguascalientes,Premium,29.1651,202
2026-09-18,estado,Aguascalientes,Regular,23.9189,205
2026-09-18,estado,Colima,Diesel,27.0057,107
2026-09-18,estado,Colima,Premium,28.8937,126
2026-09-18,estado,Colima,Regular,23.8325,130
2026-09-18,estado,Guanajuato,Diesel,27.0258,610
2026-09-18,estado,Guanajuato,Premium,29.1502,695
2026-09-18,estado,Guanajuato,Regular,23.8555,724
2026-09-18,estado,Jalisco,Diesel,27.0946,778
2026-09-18,estado,Jalisco,Premium,29.3768,942
2026-09-18,estado,Jalisco,Regular,23.9744,981
2026-09-18,estado,Michoacán,Diesel,27.0221,512
2026-09-18,estado,Michoacán,Premium,29.0095,542
2026-09-18,estado,Michoacán,Regular,23.9544,559
2026-09-18,estado,Zacatecas,Diesel,27.1113,216
2026-09-18,estado,Zacatecas,Premium,28.8489,190
2026-09-18,estado,Zacatecas,Regular,24.0003,229
2026-09-18,nacional,MX,Diesel,26.9977,10510
2026-09-18,nacional,MX,Premium,28.5732,13011
2026-09-18,nacional,MX,Regular,23.6799,13791
2026-09-19,estado,Aguascalientes,Diesel,27.0347,158
2026-09-19,estado,Aguascalientes,Premium,29.1606,202
2026-09-19,estado,Aguascalientes,Regular,23.9177,205
2026-09-19,estado,Colima,Diesel,27.0243,107
2026-09-19,estado,Colima,Premium,28.8937,126
2026-09-19,estado,Colima,Regular,23.8325,130
2026-09-19,estado,Guanajuato,Diesel,27.0240,610
2026-09-19,estado,Guanajuato,Premium,29.1476,695
2026-09-19,estado,Guanajuato,Regular,23.8575,724
2026-09-19,estado,Jalisco,Diesel,27.0963,778
2026-09-19,estado,Jalisco,Premium,29.3781,942
2026-09-19,estado,Jalisco,Regular,23.9736,981
2026-09-19,estado,Michoacán,Diesel,27.0186,512
2026-09-19,estado,Michoacán,Premium,29.0081,542
2026-09-19,estado,Michoacán,Regular,23.9596,559
2026-09-19,estado,Zacatecas,Diesel,27.1113,216
2026-09-19,estado,Zacatecas,Premium,28.8482,190
2026-09-19,estado,Zacatecas,Regular,24.0396,229
2026-09-19,nacional,MX,Diesel,26.9981,10511
2026-09-19,nacional,MX,Premium,28.5733,13012
2026-09-19,nacional,MX,Regular,23.6841,13792
2026-09-20,estado,Aguascalientes,Diesel,27.0347,158
2026-09-20,estado,Aguascalientes,Premium,29.1476,202
2026-09-20,estado,Aguascalientes,Regular,23.9177,205
2026-09-20,estado,Colima,Diesel,27.0243,107
2026-09-20,estado,Colima,Premium,28.8937,126
2026-09-20,estado,Colima,Regular,23.8325,130
2026-09-20,estado,Guanajuato,Diesel,27.0246,610
2026-09-20,estado,Guanajuato,Premium,29.1486,695
2026-09-20,estado,Guanajuato,Regular,23.8581,724
2026-09-20,estado,Jalisco,Diesel,27.1279,778
2026-09-20,estado,Jalisco,Premium,29.3767,942
2026-09-20,estado,Jalisco,Regular,23.9871,981
2026-09-20,estado,Michoacán,Diesel,27.0186,512
2026-09-20,estado,Michoacán,Premium,29.0037,542
2026-09-20,estado,Michoacán,Regular,23.9577,559
2026-09-20,estado,Zacatecas,Diesel,27.1113,216
2026-09-20,estado,Zacatecas,Premium,28.8482,190
2026-09-20,estado,Zacatecas,Regular,24.0396,229
2026-09-20,nacional,MX,Diesel,26.9999,10512
2026-09-20,nacional,MX,Premium,28.5720,13012
2026-09-20,nacional,MX,Regular,23.6849,13796
2026-09-21,estado,Aguascalientes,Diesel,27.0347,158
2026-09-21,estado,Aguascalientes,Premium,29.1476,202
2026-09-21,estado,Aguascalientes,Regular,23.9174,204
2026-09-21,estado,Colima,Diesel,27.0243,107
2026-09-21,estado,Colima,Premium,28.8937,126
2026-09-21,estado,Colima,Regular,23.8325,130
2026-09-21,estado,Guanajuato,Diesel,27.0246,610
2026-09-21,estado,Guanajuato,Premium,29.1497,695
2026-09-21,estado,Guanajuato,Regular,23.8593,724
2026-09-21,estado,Jalisco,Diesel,27.1279,778
2026-09-21,estado,Jalisco,Premium,29.3765,942
2026-09-21,estado,Jalisco,Regular,23.9871,981
2026-09-21,estado,Michoacán,Diesel,27.0186,512
2026-09-21,estado,Michoacán,Premium,29.0059,542
2026-09-21,estado,Michoacán,Regular,23.9591,559
2026-09-21,estado,Zacatecas,Diesel,27.1113,216
2026-09-21,estado,Zacatecas,Premium,28.8482,190
2026-09-21,estado,Zacatecas,Regular,24.0396,229
2026-09-21,nacional,MX,Diesel,26.9999,10512
2026-09-21,nacional,MX,Premium,28.5719,13012
2026-09-21,nacional,MX,Regular,23.6852,13795
2026-09-22,estado,Aguascalientes,Diesel,27.0347,158
2026-09-22,estado,Aguascalientes,Premium,29.1425,202
2026-09-22,estado,Aguascalientes,Regular,23.9174,204
2026-09-22,estado,Colima,Diesel,27.0057,107
2026-09-22,estado,Colima,Premium,28.8937,126
2026-09-22,estado,Colima,Regular,23.8345,130
2026-09-22,estado,Guanajuato,Diesel,27.0248,610
2026-09-22,estado,Guanajuato,Premium,29.1523,695
2026-09-22,estado,Guanajuato,Regular,23.8632,724
2026-09-22,estado,Jalisco,Diesel,27.1295,778
2026-09-22,estado,Jalisco,Premium,29.3773,943
2026-09-22,estado,Jalisco,Regular,23.9889,980
2026-09-22,estado,Michoacán,Diesel,27.0197,512
2026-09-22,estado,Michoacán,Premium,29.0085,542
2026-09-22,estado,Michoacán,Regular,23.9605,559
2026-09-22,estado,Zacatecas,Diesel,27.1113,216
2026-09-22,estado,Zacatecas,Premium,28.8482,190
2026-09-22,estado,Zacatecas,Regular,24.0396,229
2026-09-22,nacional,MX,Diesel,27.0014,10511
2026-09-22,nacional,MX,Premium,28.5728,13013
2026-09-22,nacional,MX,Regular,23.6861,13790
2026-09-23,estado,Aguascalientes,Diesel,27.0347,158
2026-09-23,estado,Aguascalientes,Premium,29.1422,202
2026-09-23,estado,Aguascalientes,Regular,23.9195,204
2026-09-23,estado,Colima,Diesel,27.0243,107
2026-09-23,estado,Colima,Premium,28.8937,126
2026-09-23,estado,Colima,Regular,23.8358,130
2026-09-23,estado,Guanajuato,Diesel,27.0270,610
2026-09-23,estado,Guanajuato,Premium,29.1541,695
2026-09-23,estado,Guanajuato,Regular,23.8603,724
2026-09-23,estado,Jalisco,Diesel,27.1325,778
2026-09-23,estado,Jalisco,Premium,29.3781,943
2026-09-23,estado,Jalisco,Regular,23.9865,980
2026-09-23,estado,Michoacán,Diesel,27.0189,512
2026-09-23,estado,Michoacán,Premium,29.0051,542
2026-09-23,estado,Michoacán,Regular,23.9562,559
2026-09-23,estado,Zacatecas,Diesel,27.1113,216
2026-09-23,estado,Zacatecas,Premium,28.8482,190
2026-09-23,estado,Zacatecas,Regular,24.0417,229
2026-09-23,nacional,MX,Diesel,27.0031,10512
2026-09-23,nacional,MX,Premium,28.5725,13013
2026-09-23,nacional,MX,Regular,23.6844,13791
2026-09-24,estado,Aguascalientes,Diesel,27.0159,158
2026-09-24,estado,Aguascalientes,Premium,29.1422,202
2026-09-24,estado,Aguascalientes,Regular,23.9195,204
2026-09-24,estado,Colima,Diesel,27.0243,107
2026-09-24,estado,Colima,Premium,28.8937,126
2026-09-24,estado,Colima,Regular,23.8382,130
2026-09-24,estado,Guanajuato,Diesel,27.0238,610
2026-09-24,estado,Guanajuato,Premium,29.1548,695
2026-09-24,estado,Guanajuato,Regular,23.8664,724
2026-09-24,estado,Jalisco,Diesel,27.1250,778
2026-09-24,estado,Jalisco,Premium,29.3896,943
2026-09-24,estado,Jalisco,Regular,23.9876,980
2026-09-24,estado,Michoacán,Diesel,27.0142,512
2026-09-24,estado,Michoacán,Premium,29.0104,542
2026-09-24,estado,Michoacán,Regular,23.9593,559
2026-09-24,estado,Zacatecas,Diesel,27.1007,216
2026-09-24,estado,Zacatecas,Premium,28.8498,190
2026-09-24,estado,Zacatecas,Regular,24.0024,229
2026-09-24,nacional,MX,Diesel,27.0003,10512
2026-09-24,nacional,MX,Premium,28.5730,13013
2026-09-24,nacional,MX,Regular,23.6845,13793
2026-09-25,estado,Aguascalientes,Diesel,27.0159,158
2026-09-25,estado,Aguascalientes,Premium,29.1456,202
2026-09-25,estado,Aguascalientes,Regular,23.9195,204
2026-09-25,estado,Colima,Diesel,27.0243,107
2026-09-25,estado,Colima,Premium,28.8913,126
2026-09-25,estado,Colima,Regular,23.8382,130
2026-09-25,estado,Guanajuato,Diesel,27.0245,610
2026-09-25,estado,Guanajuato,Premium,29.1536,695
2026-09-25,estado,Guanajuato,Regular,23.8648,724
2026-09-25,estado,Jalisco,Diesel,27.0995,778
2026-09-25,estado,Jalisco,Premium,29.3902,943
2026-09-25,estado,Jalisco,Regular,23.9760,980
2026-09-25,estado,Michoacán,Diesel,27.0153,512
2026-09-25,estado,Michoacán,Premium,29.0059,542
2026-09-25,estado,Michoacán,Regular,23.9623,559
2026-09-25,estado,Zacatecas,Diesel,27.1007,216
2026-09-25,estado,Zacatecas,Premium,28.8498,190
2026-09-25,estado,Zacatecas,Regular,24.0024,229
2026-09-25,nacional,MX,Diesel,26.9983,10513
2026-09-25,nacional,MX,Premium,28.5720,13010
2026-09-25,nacional,MX,Regular,23.6831,13792
2026-09-26,estado,Aguascalientes,Diesel,27.0159,158
2026-09-26,estado,Aguascalientes,Premium,29.1466,202
2026-09-26,estado,Aguascalientes,Regular,23.9175,204
2026-09-26,estado,Colima,Diesel,27.0243,107
2026-09-26,estado,Colima,Premium,28.8921,126
2026-09-26,estado,Colima,Regular,23.8374,130
2026-09-26,estado,Guanajuato,Diesel,27.0235,610
2026-09-26,estado,Guanajuato,Premium,29.1554,695
2026-09-26,estado,Guanajuato,Regular,23.8618,724
2026-09-26,estado,Jalisco,Diesel,27.1074,778
2026-09-26,estado,Jalisco,Premium,29.3854,943
2026-09-26,estado,Jalisco,Regular,23.9737,980
2026-09-26,estado,Michoacán,Diesel,27.0158,513
2026-09-26,estado,Michoacán,Premium,29.0180,543
2026-09-26,estado,Michoacán,Regular,23.9609,560
2026-09-26,estado,Zacatecas,Diesel,27.1002,216
2026-09-26,estado,Zacatecas,Premium,28.8540,190
2026-09-26,estado,Zacatecas,Regular,24.0026,228
2026-09-26,nacional,MX,Diesel,26.9965,10514
2026-09-26,nacional,MX,Premium,28.5723,13010
2026-09-26,nacional,MX,Regular,23.6847,13789
2026-09-27,estado,Aguascalientes,Diesel,27.0159,158
2026-09-27,estado,Aguascalientes,Premium,29.1470,202
2026-09-27,estado,Aguascalientes,Regular,23.9182,204
2026-09-27,estado,Colima,Diesel,27.0243,107
2026-09-27,estado,Colima,Premium,28.8930,126
2026-09-27,estado,Colima,Regular,23.8374,130
2026-09-27,estado,Guanajuato,Diesel,27.0229,610
2026-09-27,estado,Guanajuato,Premium,29.1575,695
2026-09-27,estado,Guanajuato,Regular,23.8623,724
2026-09-27,estado,Jalisco,Diesel,27.1259,778
2026-09-27,estado,Jalisco,Premium,29.3860,943
2026-09-27,estado,Jalisco,Regular,23.9834,979
2026-09-27,estado,Michoacán,Diesel,27.0188,513
2026-09-27,estado,Michoacán,Premium,29.0161,542
2026-09-27,estado,Michoacán,Regular,23.9600,560
2026-09-27,estado,Zacatecas,Diesel,27.1002,216
2026-09-27,estado,Zacatecas,Premium,28.8540,190
2026-09-27,estado,Zacatecas,Regular,24.0026,228
2026-09-27,nacional,MX,Diesel,27.0016,10514
2026-09-27,nacional,MX,Premium,28.5742,13009
2026-09-27,nacional,MX,Regular,23.6862,13783
2026-09-28,estado,Aguascalientes,Diesel,27.0159,158
2026-09-28,estado,Aguascalientes,Premium,29.1470,202
2026-09-28,estado,Aguascalientes,Regular,23.9182,204
2026-09-28,estado,Colima,Diesel,27.0243,107
2026-09-28,estado,Colima,Premium,28.8930,126
2026-09-28,estado,Colima,Regular,23.8374,130
2026-09-28,estado,Guanajuato,Diesel,27.0229,610
2026-09-28,estado,Guanajuato,Premium,29.1583,694
2026-09-28,estado,Guanajuato,Regular,23.8549,723
2026-09-28,estado,Jalisco,Diesel,27.1235,777
2026-09-28,estado,Jalisco,Premium,29.3862,943
2026-09-28,estado,Jalisco,Regular,23.9839,979
2026-09-28,estado,Michoacán,Diesel,27.0188,513
2026-09-28,estado,Michoacán,Premium,29.0175,542
2026-09-28,estado,Michoacán,Regular,23.9645,560
2026-09-28,estado,Zacatecas,Diesel,27.1002,216
2026-09-28,estado,Zacatecas,Premium,28.8540,190
2026-09-28,estado,Zacatecas,Regular,24.0026,228
2026-09-28,nacional,MX,Diesel,27.0013,10513
2026-09-28,nacional,MX,Premium,28.5742,13008
2026-09-28,nacional,MX,Regular,23.6862,13781
2026-09-29,estado,Aguascalientes,Diesel,27.0159,158
2026-09-29,estado,Aguascalientes,Premium,29.1471,202
2026-09-29,estado,Aguascalientes,Regular,23.9202,204
2026-09-29,estado,Colima,Diesel,27.0243,107
2026-09-29,estado,Colima,Premium,28.8930,126
2026-09-29,estado,Colima,Regular,23.8374,130
2026-09-29,estado,Guanajuato,Diesel,27.0250,610
2026-09-29,estado,Guanajuato,Premium,29.1582,694
2026-09-29,estado,Guanajuato,Regular,23.8579,723
2026-09-29,estado,Jalisco,Diesel,27.1241,777
2026-09-29,estado,Jalisco,Premium,29.3896,943
2026-09-29,estado,Jalisco,Regular,23.9858,979
2026-09-29,estado,Michoacán,Diesel,27.0206,513
2026-09-29,estado,Michoacán,Premium,29.0180,542
2026-09-29,estado,Michoacán,Regular,23.9619,560
2026-09-29,estado,Zacatecas,Diesel,27.1002,216
2026-09-29,estado,Zacatecas,Premium,28.8540,190
2026-09-29,estado,Zacatecas,Regular,24.0026,228
2026-09-29,nacional,MX,Diesel,27.0027,10512
2026-09-29,nacional,MX,Premium,28.5757,13007
2026-09-29,nacional,MX,Regular,23.6880,13782
2026-09-30,estado,Aguascalientes,Diesel,27.0159,158
2026-09-30,estado,Aguascalientes,Premium,29.1471,202
2026-09-30,estado,Aguascalientes,Regular,23.9202,204
2026-09-30,estado,Colima,Diesel,26.9964,107
2026-09-30,estado,Colima,Premium,28.8930,126
2026-09-30,estado,Colima,Regular,23.8260,130
2026-09-30,estado,Guanajuato,Diesel,27.0257,610
2026-09-30,estado,Guanajuato,Premium,29.1619,694
2026-09-30,estado,Guanajuato,Regular,23.8563,723
2026-09-30,estado,Jalisco,Diesel,27.1254,777
2026-09-30,estado,Jalisco,Premium,29.3912,943
2026-09-30,estado,Jalisco,Regular,23.9850,979
2026-09-30,estado,Michoacán,Diesel,27.0206,513
2026-09-30,estado,Michoacán,Premium,29.0189,542
2026-09-30,estado,Michoacán,Regular,23.9608,560
2026-09-30,estado,Zacatecas,Diesel,27.1002,216
2026-09-30,estado,Zacatecas,Premium,28.8540,190
2026-09-30,estado,Zacatecas,Regular,24.0026,228
2026-09-30,nacional,MX,Diesel,27.0028,10512
2026-09-30,nacional,MX,Premium,28.5751,13008
2026-09-30,nacional,MX,Regular,23.6870,13782
2026-10-01,estado,Aguascalientes,Diesel,27.0159,158
2026-10-01,estado,Aguascalientes,Premium,29.1513,202
2026-10-01,estado,Aguascalientes,Regular,23.9197,204
2026-10-01,estado,Colima,Diesel,27.0058,107
2026-10-01,estado,Colima,Premium,28.8946,126
2026-10-01,estado,Colima,Regular,23.8260,130
2026-10-01,estado,Guanajuato,Diesel,27.0243,610
2026-10-01,estado,Guanajuato,Premium,29.1612,694
2026-10-01,estado,Guanajuato,Regular,23.8603,723
2026-10-01,estado,Jalisco,Diesel,27.1334,777
2026-10-01,estado,Jalisco,Premium,29.3915,943
2026-10-01,estado,Jalisco,Regular,23.9910,979
2026-10-01,estado,Michoacán,Diesel,27.0103,513
2026-10-01,estado,Michoacán,Premium,29.0184,542
2026-10-01,estado,Michoacán,Regular,23.9597,560
2026-10-01,estado,Zacatecas,Diesel,27.1002,216
2026-10-01,estado,Zacatecas,Premium,28.8540,190
2026-10-01,estado,Zacatecas,Regular,24.0026,228
2026-10-01,nacional,MX,Diesel,27.0013,10512
2026-10-01,nacional,MX,Premium,28.5760,13004
2026-10-01,nacional,MX,Regular,23.6878,13778
2026-10-02,estado,Aguascalientes,Diesel,27.0159,158
2026-10-02,estado,Aguascalientes,Premium,29.1521,202
2026-10-02,estado,Aguascalientes,Regular,23.9197,204
2026-10-02,estado,Colima,Diesel,27.0058,107
2026-10-02,estado,Colima,Premium,28.8946,126
2026-10-02,estado,Colima,Regular,23.8260,130
2026-10-02,estado,Guanajuato,Diesel,27.0248,610
2026-10-02,estado,Guanajuato,Premium,29.1604,694
2026-10-02,estado,Guanajuato,Regular,23.8581,722
2026-10-02,estado,Jalisco,Diesel,27.1083,776
2026-10-02,estado,Jalisco,Premium,29.3919,941
2026-10-02,estado,Jalisco,Regular,23.9798,977
2026-10-02,estado,Michoacán,Diesel,27.0086,513
2026-10-02,estado,Michoacán,Premium,29.0166,542
2026-10-02,estado,Michoacán,Regular,23.9639,560
2026-10-02,estado,Zacatecas,Diesel,27.1002,216
2026-10-02,estado,Zacatecas,Premium,28.8530,190
2026-10-02,estado,Zacatecas,Regular,24.0013,228
2026-10-02,nacional,MX,Diesel,26.9974,10509
2026-10-02,nacional,MX,Premium,28.5783,12996
2026-10-02,nacional,MX,Regular,23.6855,13770
2026-10-07,estado,Aguascalientes,Diesel,27.0153,158
2026-10-07,estado,Aguascalientes,Premium,29.1603,202
2026-10-07,estado,Aguascalientes,Regular,23.9169,204
2026-10-07,estado,Colima,Diesel,27.0012,107
2026-10-07,estado,Colima,Premium,28.9002,126
2026-10-07,estado,Colima,Regular,23.8268,130
2026-10-07,estado,Guanajuato,Diesel,27.0382,610
2026-10-07,estado,Guanajuato,Premium,29.1667,694
2026-10-07,estado,Guanajuato,Regular,23.8563,722
2026-10-07,estado,Jalisco,Diesel,27.1233,776
2026-10-07,estado,Jalisco,Premium,29.4199,941
2026-10-07,estado,Jalisco,Regular,23.9933,977
2026-10-07,estado,Michoacán,Diesel,27.0084,513
2026-10-07,estado,Michoacán,Premium,29.0253,542
2026-10-07,estado,Michoacán,Regular,23.9769,560
2026-10-07,estado,Zacatecas,Diesel,27.0991,216
2026-10-07,estado,Zacatecas,Premium,28.8513,190
2026-10-07,estado,Zacatecas,Regular,24.0005,229
2026-10-07,nacional,MX,Diesel,27.0013,10508
2026-10-07,nacional,MX,Premium,28.5933,12993
2026-10-07,nacional,MX,Regular,23.6908,13772
2026-10-08,estado,Aguascalientes,Diesel,27.0153,158
2026-10-08,estado,Aguascalientes,Premium,29.1603,202
2026-10-08,estado,Aguascalientes,Regular,23.9169,204
2026-10-08,estado,Colima,Diesel,27.0012,107
2026-10-08,estado,Colima,Premium,28.9012,126
2026-10-08,estado,Colima,Regular,23.8268,130
2026-10-08,estado,Guanajuato,Diesel,27.0372,610
2026-10-08,estado,Guanajuato,Premium,29.1695,694
2026-10-08,estado,Guanajuato,Regular,23.8581,722
2026-10-08,estado,Jalisco,Diesel,27.1116,776
2026-10-08,estado,Jalisco,Premium,29.4225,941
2026-10-08,estado,Jalisco,Regular,23.9942,977
2026-10-08,estado,Michoacán,Diesel,27.0086,513
2026-10-08,estado,Michoacán,Premium,29.0300,542
2026-10-08,estado,Michoacán,Regular,23.9763,560
2026-10-08,estado,Zacatecas,Diesel,27.0994,216
2026-10-08,estado,Zacatecas,Premium,28.8551,190
2026-10-08,estado,Zacatecas,Regular,24.0007,229
2026-10-08,nacional,MX,Diesel,26.9961,10509
2026-10-08,nacional,MX,Premium,28.5985,12992
2026-10-08,nacional,MX,Regular,23.6893,13774
2026-10-09,estado,Aguascalientes,Diesel,27.0153,158
2026-10-09,estado,Aguascalientes,Premium,29.1683,202
2026-10-09,estado,Aguascalientes,Regular,23.9167,204
2026-10-09,estado,Colima,Diesel,27.0012,107
2026-10-09,estado,Colima,Premium,28.9107,126
2026-10-09,estado,Colima,Regular,23.8268,130
2026-10-09,estado,Guanajuato,Diesel,27.0163,610
2026-10-09,estado,Guanajuato,Premium,29.1735,694
2026-10-09,estado,Guanajuato,Regular,23.8578,722
2026-10-09,estado,Jalisco,Diesel,27.0932,776
2026-10-09,estado,Jalisco,Premium,29.4261,941
2026-10-09,estado,Jalisco,Regular,23.9806,977
2026-10-09,estado,Michoacán,Diesel,27.0075,513
2026-10-09,estado,Michoacán,Premium,29.0340,542
2026-10-09,estado,Michoacán,Regular,23.9803,560
2026-10-09,estado,Zacatecas,Diesel,27.0994,216
2026-10-09,estado,Zacatecas,Premium,28.8551,190
2026-10-09,estado,Zacatecas,Regular,24.0007,229
2026-10-09,nacional,MX,Diesel,26.9911,10509
2026-10-09,nacional,MX,Premium,28.6006,12992
2026-10-09,nacional,MX,Regular,23.6885,13775
