Permiso CRE,Place ID,Marca,Estacion,Direccion,Municipio,Estado,Region,Lat,Lon
CNE/PL/18/EXP/ES/2025,30229,,AMY SKY LINE SA DE CV,,León,Guanajuato,Occidente,21.12881,-101.6011
CNE/PL/442/EXP/ES/2025,30676,,MEGA GASOLINERAS SA DE CV,,León,Guanajuato,Occidente,21.03897,-101.5209
PL/10000/EXP/ES/2015,11704,,SERVICIO DELTA SA DE CV,,León,Guanajuato,Occidente,21.09075,-101.6221
PL/10001/EXP/ES/2015,11705,,SERVICIO LAS TORRES NORTE SA DE CV,,León,Guanajuato,Occidente,21.14976,-101.6628
PL/10004/EXP/ES/2015,11708,,OPERADORA JOSFA SA DE CV,,León,Guanajuato,Occidente,21.08429,-101.614
PL/10178/EXP/ES/2015,11588,,JUAN CARLOS LOMELIN ALBA,,León,Guanajuato,Occidente,21.07721,-101.6805
PL/10180/EXP/ES/2015,11590,,JUAN CARLOS LOMELIN ALBA,,León,Guanajuato,Occidente,21.07538,-101.6823
PL/1026/EXP/ES/2015,2824,,ESTACION DE SERVICIO LEON S DE RL DE CV,,León,Guanajuato,Occidente,21.10939,-101.598
PL/1027/EXP/ES/2015,2923,,ESTACION DE SERVICIO LEON S DE RL DE CV,,León,Guanajuato,Occidente,21.10928,-101.5928
PL/1049/EXP/ES/2015,2983,,GASOLINERAS DEL CENTRO SA DE CV,,León,Guanajuato,Occidente,21.10643,-101.6406
PL/1057/EXP/ES/2015,2888,,MEGA GASOLINERAS SA DE CV,,León,Guanajuato,Occidente,21.11805,-101.7082
PL/10603/EXP/ES/2015,12569,,HECTOR JAVIER JUDAS ENRIQUEZ MORENO,,León,Guanajuato,Occidente,21.13133,-101.6906
PL/10605/EXP/ES/2015,12574,,SERVICIO ALJUNCAR SA DE CV,,León,Guanajuato,Occidente,21.13834,-101.6765
PL/10607/EXP/ES/2015,12576,,SERVICIO BOULEVARD AEROPUERTO SA DE CV,,León,Guanajuato,Occidente,21.08227,-101.6099
PL/10609/EXP/ES/2015,12579,,SUPER SERVICIO BOULEVARD AUSTRI SA DE CV,,León,Guanajuato,Occidente,21.14123,-101.7022
PL/10610/EXP/ES/2015,12581,,SERVICIO MALECON ORIENTE SA DE CV,,León,Guanajuato,Occidente,21.13781,-101.6788
PL/10612/EXP/ES/2015,12584,,SERVICIO LEON-SILAO SA DE CV,,León,Guanajuato,Occidente,21.06973,-101.5959
PL/10613/EXP/ES/2015,12586,,ESTACION DE SERVICIO LAS HUERTAS SA DE CV,,León,Guanajuato,Occidente,21.09691,-101.7246
PL/10614/EXP/ES/2015,12588,,SERVICIO JARAMILLO SA DE CV,,León,Guanajuato,Occidente,21.17281,-101.6719
PL/10615/EXP/ES/2015,12590,,COMBUSTIBLES BONANZA SA DE CV,,León,Guanajuato,Occidente,21.2025,-101.6745
PL/10616/EXP/ES/2015,12591,,COMBUSTIBLES PREMIER SA DE CV,,León,Guanajuato,Occidente,21.12254,-101.7285
PL/1076/EXP/ES/2015,3155,,GASOLINERA CASEN SA DE CV,,León,Guanajuato,Occidente,21.14738,-101.6769
PL/1079/EXP/ES/2015,3129,,SERVICIO CASFER SA DE CV,,León,Guanajuato,Occidente,21.03184,-101.6944
PL/1090/EXP/ES/2015,2925,,SERVICIO MENORES SA DE CV,,León,Guanajuato,Occidente,21.08473,-101.6801
PL/10942/EXP/ES/2015,13076,,SERVICIO GASTUR SA DE CV,,León,Guanajuato,Occidente,21.15098,-101.6346
PL/1123/EXP/ES/2015,2757,,GASOLINERIA VILLAS JEMI SA DE CV,,León,Guanajuato,Occidente,21.10694,-101.5795
PL/11442/EXP/ES/2015,13756,,SERVICIOS GASOLINEROS DE MEXICO SA DE CV,,León,Guanajuato,Occidente,21.14478,-101.6474
PL/11568/EXP/ESA/2015,12405,,"AUTOBUSES DE LA PIEDAD, S.A. DE C.V.",,León,Guanajuato,Occidente,21.12306,-101.6545
PL/1160/EXP/ES/2015,2930,,SERVICIO PASAMA SA DE CV,,León,Guanajuato,Occidente,21.10421,-101.66
PL/11602/EXP/ESA/2015,12628,,"RED OPTIBUS NORTE, S.A. DE C.V.",,León,Guanajuato,Occidente,21.14955,-101.6758
PL/1163/EXP/ES/2015,2899,,MEGA GASOLINERAS SA DE CV,,León,Guanajuato,Occidente,21.12566,-101.6295
PL/1178/EXP/ES/2015,2973,,BP ESTACIONES Y SERVICIOS ENERGETICOS SA DE CV,,León,Guanajuato,Occidente,21.13799,-101.642
PL/1183/EXP/ES/2015,3086,,MEGA GASOLINERAS SA DE CV,,León,Guanajuato,Occidente,21.10156,-101.6606
PL/1184/EXP/ES/2015,2894,,MEGA GASOLINERAS SA DE CV,,León,Guanajuato,Occidente,21.1403,-101.6857
PL/1191/EXP/ES/2015,3096,,MEGA GASOLINERAS SA DE CV,,León,Guanajuato,Occidente,21.11008,-101.6464
PL/1195/EXP/ES/2015,2750,,SERVICIO FORRES SA DE CV,,León,Guanajuato,Occidente,21.13133,-101.6608
PL/1197/EXP/ES/2015,2903,,OLEUM SERVICE SA DE CV,,León,Guanajuato,Occidente,21.13066,-101.6305
PL/11993/EXP/ES/2015,13983,,RODOLFO ENRIQUEZ MORENO,,León,Guanajuato,Occidente,21.11726,-101.6678
PL/1207/EXP/ES/2015,3154,,MEGA GASOLINERAS SA DE CV,,León,Guanajuato,Occidente,21.11806,-101.6672
PL/1208/EXP/ES/2015,3109,,SERVICIOS SAN JERONIMO SA DE CV,,León,Guanajuato,Occidente,21.15184,-101.6703
PL/1213/EXP/ES/2015,3147,,ESTACION DE SERVICIO PUERTA GRANDE S DE RL DE CV,,León,Guanajuato,Occidente,21.13499,-101.6791
PL/1214/EXP/ES/2015,2956,,ESTACION DE SERVICIO PUERTA GRANDE S DE RL DE CV,,León,Guanajuato,Occidente,21.12446,-101.706
PL/1215/EXP/ES/2015,3120,,ESTACION DE SERVICIO PUERTA GRANDE S DE RL DE CV,,León,Guanajuato,Occidente,21.10196,-101.6132
PL/12587/EXP/ES/2015,13488,,GASYDISEL DE LEON SA DE CV,,León,Guanajuato,Occidente,21.06878,-101.6845
PL/12862/EXP/ES/2015,14488,,ES GAS SA DE CV,,León,Guanajuato,Occidente,21.12752,-101.6766
PL/13104/EXP/ES/2016,14835,,ES GAS SA DE CV,,León,Guanajuato,Occidente,21.08954,-101.6653
PL/1338/EXP/ES/2015,3166,,JULIO CESAR GAMA RAMSDEN,,León,Guanajuato,Occidente,21.13763,-101.6904
PL/1469/EXP/ES/2015,2594,,BOSCOGAS SA DE CV,,León,Guanajuato,Occidente,21.13685,-101.7234
PL/1582/EXP/ES/2015,3631,,HOTELES MOTELES Y SERVICIOS TURISTICOS SAN IGNACIO SA DE CV,,León,Guanajuato,Occidente,21.04361,-101.5635
PL/1599/EXP/ES/2015,3261,,JOSE DE JESUS MUÑOZ MARQUEZ,,León,Guanajuato,Occidente,21.16019,-101.6826
PL/1612/EXP/ES/2015,3484,,SERVICIOS GASOLINEROS DE MEXICO SA DE CV,,León,Guanajuato,Occidente,21.1037,-101.6602
PL/1623/EXP/ES/2015,3532,,SERVICIO BULLE ANDRADE SA DE CV,,León,Guanajuato,Occidente,21.11322,-101.6873
PL/1643/EXP/ES/2015,3623,,SERVICIO AZTECA DE LEON SA DE CV,,León,Guanajuato,Occidente,21.09724,-101.6487
PL/1694/EXP/ES/2015,3374,,SERVICIOS GASOLINEROS DE MEXICO SA DE CV,,León,Guanajuato,Occidente,21.14681,-101.7034
PL/1695/EXP/ES/2015,3288,,SERVICIOS GASOLINEROS DE MEXICO SA DE CV,,León,Guanajuato,Occidente,21.1338,-101.6872
PL/1776/EXP/ES/2015,3482,,MAGAÑA SERVICIOS GASOLINEROS SA DE CV,,León,Guanajuato,Occidente,21.09568,-101.6158
PL/1810/EXP/ES/2015,3273,,GRUPO SECA GASOLINERAS SA DE CV,,León,Guanajuato,Occidente,21.14259,-101.6739
PL/1814/EXP/ES/2015,3501,,ROCAGAS SA DE CV,,León,Guanajuato,Occidente,21.14314,-101.693
PL/1815/EXP/ES/2015,3211,,PETRO LEO SA DE CV,,León,Guanajuato,Occidente,21.13031,-101.7051
PL/18790/EXP/ES/2016,20904,,GRUPO GOCALVI SA DE CV,,León,Guanajuato,Occidente,21.06336,-101.6259
PL/18904/EXP/ES/2016,21273,,SERVICIOS GASOLINEROS DE MEXICO SA DE CV,,León,Guanajuato,Occidente,21.179,-101.7034
PL/18911/EXP/ES/2016,21264,,ESTACION DE SERVICIO PUERTA GRANDE S DE RL DE CV,,León,Guanajuato,Occidente,21.11677,-101.69
PL/19148/EXP/ES/2016,21435,,SERVICIOS GASOLINEROS DE MEXICO SA DE CV,,León,Guanajuato,Occidente,21.12835,-101.645
PL/19229/EXP/ES/2016,21545,,SERVICIOS GASOLINEROS DE MEXICO SA DE CV,,León,Guanajuato,Occidente,21.12613,-101.648
PL/19485/EXP/ES/2016,21853,,ESTACION DE SERVICIO PUERTA GRANDE S DE RL DE CV,,León,Guanajuato,Occidente,21.15055,-101.6428
PL/19563/EXP/ES/2016,21948,,SERVICIOS GASOLINEROS DE MEXICO SA DE CV,,León,Guanajuato,Occidente,21.07046,-101.6412
PL/20397/EXP/ES/2017,23052,,COMBUSTIBLES Y LUBRICANTES DEL CRESPO SA DE CV,,León,Guanajuato,Occidente,21.11686,-101.6347
PL/20492/EXP/ES/2017,23168,,ESTACION DE SERVICIO PUERTA GRANDE S DE RL DE CV,,León,Guanajuato,Occidente,21.07716,-101.6355
PL/20494/EXP/ES/2017,23170,,SERVICIOS GASOLINEROS DE MEXICO SA DE CV,,León,Guanajuato,Occidente,21.07213,-101.5987
PL/21129/EXP/ES/2018,24290,,SERVICIO CHOPA SA DE CV,,León,Guanajuato,Occidente,21.12548,-101.6543
PL/21173/EXP/ES/2018,24347,,ESTACION DE SERVICIO PUERTA GRANDE S DE RL DE CV,,León,Guanajuato,Occidente,21.08509,-101.6497
PL/21226/EXP/ES/2018,24403,,SERVICIO CHOPA SA DE CV,,León,Guanajuato,Occidente,21.09393,-101.6421
PL/2171/EXP/ES/2015,3756,,SERVICIO AGIL DE GASOLINAS SA DE CV,,León,Guanajuato,Occidente,21.14402,-101.6587
PL/22064/EXP/ES/2019,25694,,OPERADORA LA HERRADURA SA DE CV,,Silao,Guanajuato,Occidente,21.01908,-101.5329
PL/22362/EXP/ES/2019,26121,,COSTCO GAS SA DE CV,,León,Guanajuato,Occidente,21.15714,-101.7055
PL/22617/EXP/ES/2019,26353,,MEGA GASOLINERAS SA DE CV,,León,Guanajuato,Occidente,21.19151,-101.6501
PL/22618/EXP/ES/2019,26362,,MEGA GASOLINERAS SA DE CV,,León,Guanajuato,Occidente,21.08917,-101.56
PL/22620/EXP/ES/2019,26370,,MEGA GASOLINERAS SA DE CV,,León,Guanajuato,Occidente,21.06058,-101.6124
PL/22621/EXP/ES/2019,26371,,MEGA GASOLINERAS SA DE CV,,León,Guanajuato,Occidente,21.04346,-101.5656
PL/22627/EXP/ES/2019,26379,,MEGA GASOLINERAS SA DE CV,,León,Guanajuato,Occidente,21.12423,-101.5962
PL/22628/EXP/ES/2019,26380,,MULTISERVICIOS CRESGRA SA DE CV,,León,Guanajuato,Occidente,21.12307,-101.597
PL/2266/EXP/ES/2015,4165,,ESTACION DE SERVICIO PUERTA GRANDE S DE RL DE CV,,León,Guanajuato,Occidente,21.11054,-101.6251
PL/22890/EXP/ES/2019,26630,,SERVICIOS GASOLINEROS DE MEXICO SA DE CV,,León,Guanajuato,Occidente,21.17521,-101.7149
PL/23213/EXP/ES/2020,26927,,COSTCO GAS SA DE CV,,León,Guanajuato,Occidente,21.09812,-101.634
PL/23242/EXP/ES/2020,26981,,MEGA GASOLINERAS SA DE CV,,León,Guanajuato,Occidente,21.11022,-101.6886
PL/23244/EXP/ES/2020,26984,,MEGA GASOLINERAS SA DE CV,,León,Guanajuato,Occidente,21.06275,-101.5725
PL/23246/EXP/ES/2020,26987,,MEGA GASOLINERAS SA DE CV,,León,Guanajuato,Occidente,21.07378,-101.6193
PL/23512/EXP/ES/2020,27301,,MEGA GASOLINERAS SA DE CV,,León,Guanajuato,Occidente,21.08131,-101.7062
PL/2372/EXP/ES/2015,4141,,MAYOMEX ARELI PETROLEUM S DE RL DE CV,,León,Guanajuato,Occidente,21.16488,-101.7104
PL/24385/EXP/ES/2022,28145,,SERVICIOS GASOLINEROS DE MEXICO SA DE CV,,León,Guanajuato,Occidente,21.19371,-101.6783
PL/24386/EXP/ES/2022,28360,,SERVICIOS GASOLINEROS DE MEXICO SA DE CV,,León,Guanajuato,Occidente,21.17046,-101.7384
PL/24605/EXP/ES/2022,28434,,MEGA GASOLINERAS SA DE CV,,León,Guanajuato,Occidente,21.15784,-101.7224
PL/24681/EXP/ES/2022,28502,,"ASESORIA ESPECIALIZADA EN EL SECTOR HIDROCARBUROS CENTRO-OCCIDENTE, S.C.",,León,Guanajuato,Occidente,21.03295,-101.5501
PL/2477/EXP/ES/2015,4093,,LOS ANGELES SERVICIO SA DE CV,,León,Guanajuato,Occidente,21.12548,-101.6826
PL/24792/EXP/ES/2022,28592,,GRUPO LEOGAL S DE RL DE CV,,León,Guanajuato,Occidente,21.13873,-101.7322
PL/24824/EXP/ES/2023,28663,,ENERGETICOS DEL ALTIPLANO SA DE CV,,León,Guanajuato,Occidente,21.07652,-101.6169
PL/24893/EXP/ES/2023,28744,,MEGA GASOLINERAS SA DE CV,,León,Guanajuato,Occidente,21.16992,-101.7375
PL/24911/EXP/ES/2023,28761,,MEGA GASOLINERAS SA DE CV,,León,Guanajuato,Occidente,21.13461,-101.6935
PL/24942/EXP/ES/2023,28785,,ENERRED S DE RL DE CV,,León,Guanajuato,Occidente,21.10734,-101.5821
PL/24993/EXP/ES/2023,28836,,ENERGETICOS DEL ALTIPLANO SA DE CV,,León,Guanajuato,Occidente,21.01983,-101.5326
PL/25116/EXP/ES/2023,28951,,MEGA GASOLINERAS SA DE CV,,León,Guanajuato,Occidente,21.09932,-101.7082
PL/25255/EXP/ES/2023,29118,,ENERGETICOS DEL ALTIPLANO SA DE CV,,León,Guanajuato,Occidente,21.06257,-101.6249
PL/25422/EXP/ES/2023,29307,,COMBUSTIBLES ULTRA FINOS PARQUE SA DE CV,,León,Guanajuato,Occidente,21.14256,-101.6385
PL/2544/EXP/ES/2015,3954,,GASOLINERA UNION SA DE CV,,León,Guanajuato,Occidente,21.10086,-101.7166
PL/2556/EXP/ES/2015,4132,,CENTAURO MOTOR SA DE CV,,León,Guanajuato,Occidente,21.15216,-101.6374
PL/25639/EXP/ES/2024,29534,,MEGA GASOLINERAS SA DE CV,,León,Guanajuato,Occidente,21.11419,-101.5889
PL/26183/EXP/ES/2025,30153,,GRUPO SECA GASOLINERAS SA DE CV,,León,Guanajuato,Occidente,21.09591,-101.6791
PL/2677/EXP/ES/2015,4608,,COMERCIALIZADORA DE COMBUSTIBLE POMPA SOCIEDAD ANONIMA DE CAPITAL VARIABLE,,León,Guanajuato,Occidente,21.12983,-101.6557
PL/2866/EXP/ES/2015,11181,,SERVICIOS GONRI SA DE CV,,León,Guanajuato,Occidente,21.03051,-101.5454
PL/2890/EXP/ES/2015,4530,,GASOLINERA FRANCISCO VILLA NORTE SA DE CV,,León,Guanajuato,Occidente,21.14426,-101.6363
PL/3130/EXP/ES/2015,10890,,GASO SHOP SA DE CV,,León,Guanajuato,Occidente,21.13228,-101.6881
PL/3213/EXP/ES/2015,10960,,GRUPO SECA GASOLINERAS SA DE CV,,León,Guanajuato,Occidente,21.1066,-101.6575
PL/3296/EXP/ES/2015,5840,,GASOLINERA LOGO SA,,León,Guanajuato,Occidente,21.09769,-101.6309
PL/3333/EXP/ES/2015,7261,,SERVICIO LIBRAMIENTO NORTE SA DE CV,,León,Guanajuato,Occidente,21.17387,-101.663
PL/3425/EXP/ES/2015,7254,,MEGA GASOLINERAS SA DE CV,,León,Guanajuato,Occidente,21.13331,-101.665
PL/3439/EXP/ES/2015,5916,,SERVICIO LIBRAMIENTO NORTE SA DE CV,,León,Guanajuato,Occidente,21.17268,-101.6637
PL/3617/EXP/ES/2015,6663,,SERVICIOS GASOLINEROS DE MEXICO SA DE CV,,León,Guanajuato,Occidente,21.13529,-101.6807
PL/3671/EXP/ES/2015,6077,,SERVICIO ESPECIALIZADO INTEGRAL DE LEON SA DE CV,,León,Guanajuato,Occidente,21.13672,-101.6311
PL/3720/EXP/ES/2015,6381,,GUILLERMO ENRIQUEZ MORENO,,León,Guanajuato,Occidente,21.10505,-101.6488
PL/3768/EXP/ES/2015,6408,,SERVICIO AZTECA DE LEON SA DE CV,,León,Guanajuato,Occidente,21.09692,-101.6553
PL/3952/EXP/ES/2015,6711,,ESTACION DE SERVICIO HIDALGO SA DE CV,,León,Guanajuato,Occidente,21.15046,-101.67
PL/4213/EXP/ES/2015,6879,,SERVICIO DEL EJE DE LEON SA DE CV,,León,Guanajuato,Occidente,21.11234,-101.6485
PL/4297/EXP/ES/2015,7389,,ESTACION DE SERVICIO PUERTA GRANDE S DE RL DE CV,,León,Guanajuato,Occidente,21.08558,-101.6248
PL/4387/EXP/ES/2015,6456,,SERVICENTRO DE LEON SA DE CV,,León,Guanajuato,Occidente,21.07413,-101.6017
PL/4390/EXP/ES/2015,6043,,COMBUSTIBLES DE LEON SA DE CV,,León,Guanajuato,Occidente,21.06571,-101.5905
PL/4391/EXP/ES/2015,7329,,OPERADORA LA HERRADURA SA DE CV,,León,Guanajuato,Occidente,21.05034,-101.5712
PL/5715/EXP/ES/2015,4867,,SERVICIO VALTIERRA SA DE CV,,León,Guanajuato,Occidente,21.12656,-101.6394
PL/6176/EXP/ES/2015,5507,,SERVICIO HERMANOS ALDAMA SA DE CV,,León,Guanajuato,Occidente,21.11154,-101.6765
PL/6189/EXP/ES/2015,5185,,SERVICIO PEDREGAL DEL CARMEN SA DE CV,,León,Guanajuato,Occidente,21.11324,-101.6047
PL/6281/EXP/ES/2015,8107,,OSCAR ALEJANDRO PADILLA LOPEZ,,León,Guanajuato,Occidente,21.12282,-101.694
PL/6449/EXP/ES/2015,8404,,SUMINISTROS BASICOS DE COMBUSTIBLES Y ENERGETICOS SA DE CV,,León,Guanajuato,Occidente,21.1528,-101.6472
PL/6451/EXP/ES/2015,8199,,SUMINISTROS BASICOS DE COMBUSTIBLES Y ENERGETICOS SA DE CV,,León,Guanajuato,Occidente,21.10362,-101.6412
PL/6453/EXP/ES/2015,8281,,SUMINISTROS BASICOS DE COMBUSTIBLES Y ENERGETICOS SA DE CV,,León,Guanajuato,Occidente,21.11699,-101.7007
PL/6471/EXP/ES/2015,8485,,SERVICIO FRANCISCO VILLA SA DE CV,,León,Guanajuato,Occidente,21.11962,-101.6505
PL/6567/EXP/ES/2015,8547,,SERVICIO NIÑO DON BOSCO SA DE CV,,León,Guanajuato,Occidente,21.08486,-101.6667
PL/6570/EXP/ES/2015,8067,,SERVICIO NIÑO DON BOSCO SA DE CV,,León,Guanajuato,Occidente,21.08825,-101.6993
PL/6573/EXP/ES/2015,8205,,SERVICIO MIRADOR CAMPESTRE SA DE CV,,León,Guanajuato,Occidente,21.14627,-101.7144
PL/6574/EXP/ES/2015,8439,,MAURICIO DEL SAGRADO CORAZON ENRIQUEZ MORENO,,León,Guanajuato,Occidente,21.14326,-101.6542
PL/6575/EXP/ES/2015,8475,,SERVICIO DE GASOLINAS Y LUBRICANTES SA DE CV,,León,Guanajuato,Occidente,21.09737,-101.6466
PL/6581/EXP/ES/2015,7911,,MAURICIO DEL SAGRADO CORAZON ENRIQUEZ MOREN,,León,Guanajuato,Occidente,21.10378,-101.6908
PL/6583/EXP/ES/2015,8521,,ESTACION DE SERVICIO LEON S DE RL DE CV,,León,Guanajuato,Occidente,21.11754,-101.6522
PL/6584/EXP/ES/2015,7937,,ESTACION DE SERVICIO LEON S DE RL DE CV,,León,Guanajuato,Occidente,21.11588,-101.6952
PL/6793/EXP/ES/2015,7717,,KOPLA S DE RL DE CV,,León,Guanajuato,Occidente,21.09115,-101.6783
PL/7021/EXP/ES/2015,8186,,SERVICIO SIGLO XXI S DE RL DE CV,,León,Guanajuato,Occidente,21.15643,-101.6681
PL/7022/EXP/ES/2015,8133,,SERVICIO SIGLO XXI S DE RL DE CV,,León,Guanajuato,Occidente,21.17103,-101.6802
PL/7415/EXP/ES/2015,8573,,SERVICIOS GASOLINEROS DE MEXICO SA DE CV,,León,Guanajuato,Occidente,21.12181,-101.7222
PL/7421/EXP/ES/2015,8808,,SERVICIOS GASOLINEROS DE MEXICO SA DE CV,,León,Guanajuato,Occidente,21.11246,-101.6246
PL/7430/EXP/ES/2015,9006,,SERVICIOS GASOLINEROS DE MEXICO SA DE CV,,León,Guanajuato,Occidente,21.13888,-101.7249
PL/7437/EXP/ES/2015,8722,,SERVICIOS GASOLINEROS DE MEXICO SA DE CV,,León,Guanajuato,Occidente,21.14808,-101.6556
PL/7439/EXP/ES/2015,8626,,SERVICIOS GASOLINEROS DE MEXICO SA DE CV,,León,Guanajuato,Occidente,21.14151,-101.6604
PL/7445/EXP/ES/2015,9235,,SERVICIOS GASOLINEROS DE MEXICO SA DE CV,,León,Guanajuato,Occidente,21.16758,-101.6932
PL/7455/EXP/ES/2015,9166,,SERVICIOS GASOLINEROS DE MEXICO SA DE CV,,León,Guanajuato,Occidente,21.12754,-101.6446
PL/7482/EXP/ES/2015,8629,,SERVICIOS GASOLINEROS DE MEXICO SA DE CV,,León,Guanajuato,Occidente,21.09896,-101.6694
PL/7554/EXP/ES/2015,8627,,SERVICIOS GASOLINEROS DE MEXICO SA DE CV,,León,Guanajuato,Occidente,21.18147,-101.664
PL/7559/EXP/ES/2015,9286,,SERVICIOS GASOLINEROS DE MEXICO SA DE CV,,León,Guanajuato,Occidente,21.17399,-101.6614
PL/7566/EXP/ES/2015,8655,,SERVICIOS GASOLINEROS DE MEXICO SA DE CV,,León,Guanajuato,Occidente,21.10308,-101.6893
PL/7571/EXP/ES/2015,9290,,SERVICIOS GASOLINEROS DE MEXICO SA DE CV,,León,Guanajuato,Occidente,21.09238,-101.6177
PL/7574/EXP/ES/2015,8559,,SERVICIOS GASOLINEROS DE MEXICO SA DE CV,,León,Guanajuato,Occidente,21.12052,-101.6698
PL/7585/EXP/ES/2015,8689,,SERVICIOS GASOLINEROS DE MEXICO SA DE CV,,León,Guanajuato,Occidente,21.11025,-101.602
PL/7587/EXP/ES/2015,9071,,SERVICIOS GASOLINEROS DE MEXICO SA DE CV,,León,Guanajuato,Occidente,21.09664,-101.6339
PL/7592/EXP/ES/2015,8568,,SERVICIOS GASOLINEROS DE MEXICO SA DE CV,,León,Guanajuato,Occidente,21.16307,-101.6478
PL/7599/EXP/ES/2015,9270,,SERVICIOS GASOLINEROS DE MEXICO SA DE CV,,León,Guanajuato,Occidente,21.16133,-101.6925
PL/7602/EXP/ES/2015,9145,,SERVICIOS GASOLINEROS DE MEXICO SA DE CV,,León,Guanajuato,Occidente,21.10086,-101.6728
PL/7730/EXP/ES/2015,8792,,SERVICIO SAN JOSE DEL ALTO SA DE CV,,León,Guanajuato,Occidente,21.15032,-101.6849
PL/8157/EXP/ES/2015,9908,,SERVICIOS GASOLINEROS DE MEXICO SA DE CV,,León,Guanajuato,Occidente,21.10044,-101.6754
PL/8158/EXP/ES/2015,9896,,SERVICIOS GASOLINEROS DE MEXICO SA DE CV,,León,Guanajuato,Occidente,21.08868,-101.6227
PL/8239/EXP/ES/2015,9548,,HIDROSINA PLUS S A P I DE CV,,León,Guanajuato,Occidente,21.14073,-101.6334
PL/829/EXP/ES/2015,2085,,ESTACION DE SERVICIO LEON S DE RL DE CV,,León,Guanajuato,Occidente,21.09879,-101.6677
PL/841/EXP/ES/2015,2117,,ESTACION DE SERVICIO LEON S DE RL DE CV,,León,Guanajuato,Occidente,21.12003,-101.6691
PL/859/EXP/ES/2015,2192,,ESTACION DE SERVICIO LEON S DE RL DE CV,,León,Guanajuato,Occidente,21.15335,-101.6542
PL/877/EXP/ES/2015,2206,,ESTACION DE SERVICIO LEON S DE RL DE CV,,León,Guanajuato,Occidente,21.07652,-101.6518
PL/878/EXP/ES/2015,2558,,ESTACION DE SERVICIO LEON S DE RL DE CV,,León,Guanajuato,Occidente,21.12689,-101.6378
PL/8874/EXP/ES/2015,10069,,COMERCIALIZADORA DE HIDROCARBUROS DE LEON SA DE CV,,León,Guanajuato,Occidente,21.13866,-101.6239
PL/9107/EXP/ES/2015,9952,,SERVICIOS GASOLINEROS DE MEXICO SA DE CV,,León,Guanajuato,Occidente,21.0802,-101.6091
PL/9109/EXP/ES/2015,10000,,SERVICIOS GASOLINEROS DE MEXICO SA DE CV,,León,Guanajuato,Occidente,21.15192,-101.7293
PL/9110/EXP/ES/2015,10123,,SERVICIOS GASOLINEROS DE MEXICO SA DE CV,,León,Guanajuato,Occidente,21.13041,-101.6581
PL/9302/EXP/ES/2015,10717,,SERVICIOS GASOLINEROS DE MEXICO SA DE CV,,León,Guanajuato,Occidente,21.14687,-101.6718
PL/933/EXP/ES/2015,2759,,ESTACION DE SERVICIO LEON S DE RL DE CV,,León,Guanajuato,Occidente,21.13958,-101.7443
PL/9347/EXP/ES/2015,10504,,SERVICIO LAS HILAMAS SA DE CV,,León,Guanajuato,Occidente,21.13274,-101.7166
PL/938/EXP/ES/2015,2791,,ESTACION DE SERVICIO LEON S DE RL DE CV,,León,Guanajuato,Occidente,21.11255,-101.635
PL/9499/EXP/ES/2015,10739,,SERVICIOS GASOLINEROS DE MEXICO SA DE CV,,León,Guanajuato,Occidente,21.11299,-101.7101
PL/9676/EXP/ES/2015,10737,,HIDROCARBUROS Y GASOLINAS DE LEON SA DE CV,,León,Guanajuato,Occidente,21.13234,-101.6085
PL/9692/EXP/ES/2015,10401,,BRISCAN SA DE CV,,León,Guanajuato,Occidente,21.11167,-101.7118
PL/996/EXP/ES/2015,2789,,ESTACION DE SERVICIO LEON S DE RL DE CV,,León,Guanajuato,Occidente,21.09397,-101.6885
PL/9999/EXP/ES/2015,11703,,SERVICIO LAS TORRES SUR SA DE CV,,León,Guanajuato,Occidente,21.14916,-101.6634
