Fecha,Producto,Bloque,Clave,Estaciones,Promedio,Minimo,Maximo,Diferencial_vs_minimo,P25,Mediana,P75,P90,Estacion_extremo,Permiso_extremo
2026-08-19,Regular,nacional,MX,15034,23.5020,22.50,24.50,1.00,,,,,PETROMAX SA DE CV,PL/18945/EXP/ES/2016
2026-08-19,Premium,nacional,MX,13530,28.5002,27.50,29.50,1.00,,,,,ENERGIA Y SERVICIOS COORDINADOS SA DE CV,PL/11514/EXP/ES/2015
2026-08-19,Diesel,nacional,MX,10022,27.2537,26.50,28.00,0.75,,,,,SERVICIO AGUA DULCE S DE RL DE CV,PL/2122/EXP/ES/2015
2026-08-20,Regular,nacional,MX,13771,23.6847,15.95,29.99,7.73,,,,,SERVICIO TRES ENCINAS SA DE CV,PL/5306/EXP/ES/2015
2026-08-20,Premium,nacional,MX,12988,28.5063,17.44,31.99,11.07,,,,,SERVICIO SIERRA ESMERALDA SA DE CV,PL/7076/EXP/ES/2015
2026-08-20,Diesel,nacional,MX,10489,27.0148,17.99,31.99,9.02,,,,,SERVICIOS COSTA VELEROS SA DE CV,PL/19867/EXP/ES/2017
2026-08-21,Regular,nacional,MX,13773,23.6831,15.94,29.90,7.74,,,,,ESTACION DE SERVICIOS SIGLO 2000 SA DE CV,PL/9356/EXP/ES/2015
2026-08-21,Premium,nacional,MX,12988,28.5059,17.44,31.99,11.07,,,,,SERVICIO SIERRA ESMERALDA SA DE CV,PL/7076/EXP/ES/2015
2026-08-21,Diesel,nacional,MX,10491,27.0116,16.88,31.99,10.13,,,,,SERVICIOS COSTA VELEROS SA DE CV,PL/19867/EXP/ES/2017
2026-08-22,Regular,nacional,MX,13779,23.6841,15.94,29.90,7.74,,,,,ESTACION DE SERVICIOS SIGLO 2000 SA DE CV,PL/9356/EXP/ES/2015
2026-08-22,Premium,nacional,MX,12991,28.5085,17.44,31.99,11.07,,,,,SERVICIO SIERRA ESMERALDA SA DE CV,PL/7076/EXP/ES/2015
2026-08-22,Diesel,nacional,MX,10495,27.0086,16.88,31.99,10.13,,,,,SERVICIOS COSTA VELEROS SA DE CV,PL/19867/EXP/ES/2017
2026-08-23,Regular,nacional,MX,13780,23.6843,15.94,29.90,7.74,,,,,ESTACION DE SERVICIOS SIGLO 2000 SA DE CV,PL/9356/EXP/ES/2015
2026-08-23,Premium,nacional,MX,12991,28.5112,17.44,31.99,11.07,,,,,SERVICIO SIERRA ESMERALDA SA DE CV,PL/7076/EXP/ES/2015
2026-08-23,Diesel,nacional,MX,10495,27.0115,16.88,31.99,10.13,,,,,SERVICIOS COSTA VELEROS SA DE CV,PL/19867/EXP/ES/2017
2026-08-24,Regular,nacional,MX,13781,23.6848,15.94,29.90,7.74,,,,,ESTACION DE SERVICIOS SIGLO 2000 SA DE CV,PL/9356/EXP/ES/2015
2026-08-24,Premium,nacional,MX,12992,28.5119,17.44,31.99,11.07,,,,,SERVICIO SIERRA ESMERALDA SA DE CV,PL/7076/EXP/ES/2015
2026-08-24,Diesel,nacional,MX,10496,27.0118,16.88,31.99,10.13,,,,,SERVICIOS COSTA VELEROS SA DE CV,PL/19867/EXP/ES/2017
2026-08-25,Regular,nacional,MX,13781,23.6857,15.94,29.90,7.75,,,,,ESTACION DE SERVICIOS SIGLO 2000 SA DE CV,PL/9356/EXP/ES/2015
2026-08-25,Premium,nacional,MX,12992,28.5175,17.44,31.99,11.08,,,,,SERVICIO SIERRA ESMERALDA SA DE CV,PL/7076/EXP/ES/2015
2026-08-25,Diesel,nacional,MX,10496,27.0115,16.88,31.99,10.13,,,,,SERVICIOS COSTA VELEROS SA DE CV,PL/19867/EXP/ES/2017
2026-08-26,Regular,nacional,MX,13781,23.6851,15.94,29.90,7.75,,,,,ESTACION DE SERVICIOS SIGLO 2000 SA DE CV,PL/9356/EXP/ES/2015
2026-08-26,Premium,nacional,MX,12993,28.5287,17.44,31.99,11.09,,,,,SERVICIO SIERRA ESMERALDA SA DE CV,PL/7076/EXP/ES/2015
2026-08-26,Diesel,nacional,MX,10496,27.0110,16.88,31.99,10.13,,,,,SERVICIOS COSTA VELEROS SA DE CV,PL/19867/EXP/ES/2017
2026-08-27,Regular,nacional,MX,13783,23.6852,15.94,29.90,7.75,,,,,ESTACION DE SERVICIOS SIGLO 2000 SA DE CV,PL/9356/EXP/ES/2015
2026-08-27,Premium,nacional,MX,12995,28.5338,17.44,31.99,11.09,,,,,SERVICIO SIERRA ESMERALDA SA DE CV,PL/7076/EXP/ES/2015
2026-08-27,Diesel,nacional,MX,10498,27.0101,16.88,31.99,10.13,,,,,SERVICIOS COSTA VELEROS SA DE CV,PL/19867/EXP/ES/2017
2026-08-28,Regular,nacional,MX,13784,23.6839,15.94,29.90,7.74,,,,,ESTACION DE SERVICIOS SIGLO 2000 SA DE CV,PL/9356/EXP/ES/2015
2026-08-28,Premium,nacional,MX,12997,28.5365,17.44,31.99,11.10,,,,,SERVICIO SIERRA ESMERALDA SA DE CV,PL/7076/EXP/ES/2015
2026-08-28,Diesel,nacional,MX,10499,27.0072,16.88,31.99,10.13,,,,,SERVICIOS COSTA VELEROS SA DE CV,PL/19867/EXP/ES/2017
2026-08-29,Regular,nacional,MX,13785,23.6792,15.94,29.99,7.74,,,,,COMBUSTIBLES FLOHIN SA DE CV,PL/26001/EXP/ES/2024
2026-08-29,Premium,nacional,MX,12998,28.5402,17.44,31.99,11.10,,,,,SERVICIO SIERRA ESMERALDA SA DE CV,PL/7076/EXP/ES/2015
2026-08-29,Diesel,nacional,MX,10499,27.0099,16.88,31.99,10.13,,,,,SERVICIOS COSTA VELEROS SA DE CV,PL/19867/EXP/ES/2017
2026-08-30,Regular,nacional,MX,13786,23.6784,15.94,29.99,7.74,,,,,COMBUSTIBLES FLOHIN SA DE CV,PL/26001/EXP/ES/2024
2026-08-30,Premium,nacional,MX,12999,28.5453,17.44,31.99,11.11,,,,,SERVICIO SIERRA ESMERALDA SA DE CV,PL/7076/EXP/ES/2015
2026-08-30,Diesel,nacional,MX,10500,27.0121,16.88,31.99,10.13,,,,,SERVICIOS COSTA VELEROS SA DE CV,PL/19867/EXP/ES/2017
2026-08-31,Regular,nacional,MX,13786,23.6767,15.94,29.99,7.74,,,,,COMBUSTIBLES FLOHIN SA DE CV,PL/26001/EXP/ES/2024
2026-08-31,Premium,nacional,MX,12999,28.5459,17.44,31.99,11.11,,,,,SERVICIO SIERRA ESMERALDA SA DE CV,PL/7076/EXP/ES/2015
2026-08-31,Diesel,nacional,MX,10500,27.0121,16.88,31.99,10.13,,,,,SERVICIOS COSTA VELEROS SA DE CV,PL/19867/EXP/ES/2017
2026-09-01,Regular,nacional,MX,13788,23.6761,15.94,29.99,7.74,,,,,COMBUSTIBLES FLOHIN SA DE CV,PL/26001/EXP/ES/2024
2026-09-01,Premium,nacional,MX,13001,28.5510,17.44,31.99,11.11,,,,,SERVICIO SIERRA ESMERALDA SA DE CV,PL/7076/EXP/ES/2015
2026-09-01,Diesel,nacional,MX,10502,27.0113,16.88,31.99,10.13,,,,,SERVICIOS COSTA VELEROS SA DE CV,PL/19867/EXP/ES/2017
2026-09-02,Regular,nacional,MX,13788,23.6722,15.94,29.99,7.73,,,,,COMBUSTIBLES FLOHIN SA DE CV,PL/26001/EXP/ES/2024
2026-09-02,Premium,nacional,MX,13001,28.5556,17.44,31.99,11.12,,,,,SERVICIO SIERRA ESMERALDA SA DE CV,PL/7076/EXP/ES/2015
2026-09-02,Diesel,nacional,MX,10502,27.0114,16.88,31.99,10.13,,,,,SERVICIOS COSTA VELEROS SA DE CV,PL/19867/EXP/ES/2017
2026-09-03,Regular,nacional,MX,13789,23.6787,15.94,29.99,7.74,,,,,COMBUSTIBLES FLOHIN SA DE CV,PL/26001/EXP/ES/2024
2026-09-03,Premium,nacional,MX,13002,28.5594,17.44,31.99,11.12,,,,,SERVICIO SIERRA ESMERALDA SA DE CV,PL/7076/EXP/ES/2015
2026-09-03,Diesel,nacional,MX,10503,27.0096,16.88,31.99,10.13,,,,,SERVICIOS COSTA VELEROS SA DE CV,PL/19867/EXP/ES/2017
2026-09-04,Regular,nacional,MX,13791,23.6766,15.94,29.99,7.74,,,,,COMBUSTIBLES FLOHIN SA DE CV,PL/26001/EXP/ES/2024
2026-09-04,Premium,nacional,MX,13004,28.5625,17.44,31.99,11.12,,,,,SERVICIO SIERRA ESMERALDA SA DE CV,PL/7076/EXP/ES/2015
2026-09-04,Diesel,nacional,MX,10506,27.0074,16.88,31.99,10.13,,,,,SERVICIOS COSTA VELEROS SA DE CV,PL/19867/EXP/ES/2017
2026-09-05,Regular,nacional,MX,13789,23.6764,15.94,29.20,7.74,,,,,LUIS GERARDO HERNANDEZ ESPINOSA,PL/10189/EXP/ES/2015
2026-09-05,Premium,nacional,MX,13004,28.5663,17.44,31.99,11.13,,,,,SERVICIO SIERRA ESMERALDA SA DE CV,PL/7076/EXP/ES/2015
2026-09-05,Diesel,nacional,MX,10506,27.0058,16.88,31.99,10.13,,,,,SERVICIOS COSTA VELEROS SA DE CV,PL/19867/EXP/ES/2017
2026-09-06,Regular,nacional,MX,13790,23.6767,15.94,29.20,7.74,,,,,LUIS GERARDO HERNANDEZ ESPINOSA,PL/10189/EXP/ES/2015
2026-09-06,Premium,nacional,MX,13003,28.5662,17.44,31.99,11.13,,,,,SERVICIO SIERRA ESMERALDA SA DE CV,PL/7076/EXP/ES/2015
2026-09-06,Diesel,nacional,MX,10505,27.0086,16.88,31.99,10.13,,,,,SERVICIOS COSTA VELEROS SA DE CV,PL/19867/EXP/ES/2017
2026-09-07,Regular,nacional,MX,13790,23.6766,15.94,29.20,7.74,,,,,LUIS GERARDO HERNANDEZ ESPINOSA,PL/10189/EXP/ES/2015
2026-09-07,Premium,nacional,MX,13003,28.5662,17.44,31.99,11.13,,,,,SERVICIO SIERRA ESMERALDA SA DE CV,PL/7076/EXP/ES/2015
2026-09-07,Diesel,nacional,MX,10505,27.0086,16.88,31.99,10.13,,,,,SERVICIOS COSTA VELEROS SA DE CV,PL/19867/EXP/ES/2017
2026-09-08,Regular,nacional,MX,13789,23.6785,15.94,29.20,7.74,,,,,LUIS GERARDO HERNANDEZ ESPINOSA,PL/10189/EXP/ES/2015
2026-09-08,Premium,nacional,MX,13003,28.5710,17.44,31.99,11.13,,,,,SERVICIO SIERRA ESMERALDA SA DE CV,PL/7076/EXP/ES/2015
2026-09-08,Diesel,nacional,MX,10504,27.0094,16.88,31.99,10.13,,,,,SERVICIOS COSTA VELEROS SA DE CV,PL/19867/EXP/ES/2017
2026-09-09,Regular,nacional,MX,13789,23.6799,15.94,29.20,7.74,,,,,LUIS GERARDO HERNANDEZ ESPINOSA,PL/10189/EXP/ES/2015
2026-09-09,Premium,nacional,MX,13004,28.5710,17.44,31.99,11.13,,,,,SERVICIO SIERRA ESMERALDA SA DE CV,PL/7076/EXP/ES/2015
2026-09-09,Diesel,nacional,MX,10505,27.0094,16.88,31.99,10.13,,,,,SERVICIOS COSTA VELEROS SA DE CV,PL/19867/EXP/ES/2017
2026-09-10,Regular,nacional,MX,13792,23.6797,15.94,29.20,7.74,,,,,LUIS GERARDO HERNANDEZ ESPINOSA,PL/10189/EXP/ES/2015
2026-09-10,Premium,nacional,MX,13008,28.5716,17.44,31.99,11.13,,,,,SERVICIO SIERRA ESMERALDA SA DE CV,PL/7076/EXP/ES/2015
2026-09-10,Diesel,nacional,MX,10509,27.0075,16.88,31.99,10.13,,,,,SERVICIOS COSTA VELEROS SA DE CV,PL/19867/EXP/ES/2017
2026-09-11,Regular,nacional,MX,13793,23.6771,15.94,29.20,7.74,,,,,LUIS GERARDO HERNANDEZ ESPINOSA,PL/10189/EXP/ES/2015
2026-09-11,Premium,nacional,MX,13008,28.5718,17.44,31.99,11.13,,,,,SERVICIO SIERRA ESMERALDA SA DE CV,PL/7076/EXP/ES/2015
2026-09-11,Diesel,nacional,MX,10509,27.0030,16.88,31.99,10.12,,,,,SERVICIOS COSTA VELEROS SA DE CV,PL/19867/EXP/ES/2017
2026-09-12,Regular,nacional,MX,13794,23.6757,15.94,29.98,7.74,,,,,J CRUZ BOJORGES CASTRO,PL/21788/EXP/ES/2018
2026-09-12,Premium,nacional,MX,13010,28.5739,17.44,31.99,11.13,,,,,SERVICIO SIERRA ESMERALDA SA DE CV,PL/7076/EXP/ES/2015
2026-09-12,Diesel,nacional,MX,10510,26.9994,16.88,31.99,10.12,,,,,SERVICIOS COSTA VELEROS SA DE CV,PL/19867/EXP/ES/2017
2026-09-13,Regular,nacional,MX,13794,23.6702,15.94,29.98,7.73,,,,,J CRUZ BOJORGES CASTRO,PL/21788/EXP/ES/2018
2026-09-13,Premium,nacional,MX,13011,28.5716,17.44,31.99,11.13,,,,,SERVICIO SIERRA ESMERALDA SA DE CV,PL/7076/EXP/ES/2015
2026-09-13,Diesel,nacional,MX,10512,26.9978,16.88,31.99,10.12,,,,,SERVICIOS COSTA VELEROS SA DE CV,PL/19867/EXP/ES/2017
2026-09-14,Regular,nacional,MX,13792,23.6721,15.94,29.98,7.73,,,,,J CRUZ BOJORGES CASTRO,PL/21788/EXP/ES/2018
2026-09-14,Premium,nacional,MX,13011,28.5718,17.44,31.99,11.13,,,,,SERVICIO SIERRA ESMERALDA SA DE CV,PL/7076/EXP/ES/2015
2026-09-14,Diesel,nacional,MX,10512,26.9988,16.88,31.99,10.12,,,,,SERVICIOS COSTA VELEROS SA DE CV,PL/19867/EXP/ES/2017
2026-09-15,Regular,nacional,MX,13792,23.6773,15.94,29.98,7.74,,,,,J CRUZ BOJORGES CASTRO,PL/21788/EXP/ES/2018
2026-09-15,Premium,nacional,MX,13011,28.5737,17.44,31.99,11.13,,,,,SERVICIO SIERRA ESMERALDA SA DE CV,PL/7076/EXP/ES/2015
2026-09-15,Diesel,nacional,MX,10510,27.0006,16.88,31.99,10.12,,,,,SERVICIOS COSTA VELEROS SA DE CV,PL/19867/EXP/ES/2017
2026-09-16,Regular,nacional,MX,13792,23.6785,15.94,29.98,7.74,,,,,J CRUZ BOJORGES CASTRO,PL/21788/EXP/ES/2018
2026-09-16,Premium,nacional,MX,13010,28.5733,17.44,31.99,11.13,,,,,SERVICIO SIERRA ESMERALDA SA DE CV,PL/7076/EXP/ES/2015
2026-09-16,Diesel,nacional,MX,10509,27.0007,16.88,31.99,10.12,,,,,SERVICIOS COSTA VELEROS SA DE CV,PL/19867/EXP/ES/2017
2026-09-17,Regular,nacional,MX,13791,23.6811,15.94,29.98,7.74,,,,,J CRUZ BOJORGES CASTRO,PL/21788/EXP/ES/2018
2026-09-17,Premium,nacional,MX,13010,28.5738,17.44,31.99,11.13,,,,,SERVICIO SIERRA ESMERALDA SA DE CV,PL/7076/EXP/ES/2015
2026-09-17,Diesel,nacional,MX,10509,27.0004,16.88,31.99,10.12,,,,,SERVICIOS COSTA VELEROS SA DE CV,PL/19867/EXP/ES/2017
2026-09-18,Regular,nacional,MX,13791,23.6799,15.94,29.98,7.74,,,,,J CRUZ BOJORGES CASTRO,PL/21788/EXP/ES/2018
2026-09-18,Premium,nacional,MX,13011,28.5732,17.44,31.99,11.13,,,,,SERVICIO SIERRA ESMERALDA SA DE CV,PL/7076/EXP/ES/2015
2026-09-18,Diesel,nacional,MX,10510,26.9977,16.88,31.99,10.12,,,,,SERVICIOS COSTA VELEROS SA DE CV,PL/19867/EXP/ES/2017
2026-09-19,Regular,nacional,MX,13792,23.6841,15.94,32.99,7.74,,,,,GASOLINERA FAZA SA DE CV,PL/8354/EXP/ES/2015
2026-09-19,Premium,nacional,MX,13012,28.5733,17.44,31.99,11.13,,,,,SERVICIO SIERRA ESMERALDA SA DE CV,PL/7076/EXP/ES/2015
2026-09-19,Diesel,nacional,MX,10511,26.9981,16.88,31.99,10.12,,,,,SERVICIOS COSTA VELEROS SA DE CV,PL/19867/EXP/ES/2017
2026-09-20,Regular,nacional,MX,13796,23.6849,15.94,32.99,7.74,,,,,GASOLINERA FAZA SA DE CV,PL/8354/EXP/ES/2015
2026-09-20,Premium,nacional,MX,13012,28.5720,17.44,31.99,11.13,,,,,SERVICIO SIERRA ESMERALDA SA DE CV,PL/7076/EXP/ES/2015
2026-09-20,Diesel,nacional,MX,10512,26.9999,16.88,31.99,10.12,,,,,SERVICIOS COSTA VELEROS SA DE CV,PL/19867/EXP/ES/2017
2026-09-21,Regular,nacional,MX,13795,23.6852,15.94,32.99,7.75,,,,,GASOLINERA FAZA SA DE CV,PL/8354/EXP/ES/2015
2026-09-21,Premium,nacional,MX,13012,28.5719,17.44,31.99,11.13,,,,,SERVICIO SIERRA ESMERALDA SA DE CV,PL/7076/EXP/ES/2015
2026-09-21,Diesel,nacional,MX,10512,26.9999,16.88,31.99,10.12,,,,,SERVICIOS COSTA VELEROS SA DE CV,PL/19867/EXP/ES/2017
2026-09-22,Regular,nacional,MX,13790,23.6861,15.94,32.99,7.75,,,,,GASOLINERA FAZA SA DE CV,PL/8354/EXP/ES/2015
2026-09-22,Premium,nacional,MX,13013,28.5728,17.44,31.99,11.13,,,,,SERVICIO SIERRA ESMERALDA SA DE CV,PL/7076/EXP/ES/2015
2026-09-22,Diesel,nacional,MX,10511,27.0014,16.88,31.99,10.12,,,,,SERVICIOS COSTA VELEROS SA DE CV,PL/19867/EXP/ES/2017
2026-09-23,Regular,nacional,MX,13791,23.6844,15.94,32.99,7.74,,,,,GASOLINERA FAZA SA DE CV,PL/8354/EXP/ES/2015
2026-09-23,Premium,nacional,MX,13013,28.5725,17.44,31.99,11.13,,,,,SERVICIO SIERRA ESMERALDA SA DE CV,PL/7076/EXP/ES/2015
2026-09-23,Diesel,nacional,MX,10512,27.0031,16.88,31.99,10.12,,,,,SERVICIOS COSTA VELEROS SA DE CV,PL/19867/EXP/ES/2017
2026-09-24,Regular,nacional,MX,13793,23.6845,15.94,29.20,7.74,,,,,LUIS GERARDO HERNANDEZ ESPINOSA,PL/10189/EXP/ES/2015
2026-09-24,Premium,nacional,MX,13013,28.5730,17.44,31.99,11.13,,,,,SERVICIO SIERRA ESMERALDA SA DE CV,PL/7076/EXP/ES/2015
2026-09-24,Diesel,nacional,MX,10512,27.0003,16.88,31.99,10.12,,,,,SERVICIOS COSTA VELEROS SA DE CV,PL/19867/EXP/ES/2017
2026-09-25,Regular,nacional,MX,13792,23.6831,15.94,29.20,7.74,,,,,LUIS GERARDO HERNANDEZ ESPINOSA,PL/10189/EXP/ES/2015
2026-09-25,Premium,nacional,MX,13010,28.5720,17.44,31.99,11.13,,,,,SERVICIO SIERRA ESMERALDA SA DE CV,PL/7076/EXP/ES/2015
2026-09-25,Diesel,nacional,MX,10513,26.9983,16.88,31.99,10.12,,,,,SERVICIOS COSTA VELEROS SA DE CV,PL/19867/EXP/ES/2017
2026-09-26,Regular,nacional,MX,13789,23.6847,15.94,29.20,7.74,,,,,LUIS GERARDO HERNANDEZ ESPINOSA,PL/10189/EXP/ES/2015
2026-09-26,Premium,nacional,MX,13010,28.5723,17.44,31.99,11.13,,,,,SERVICIO SIERRA ESMERALDA SA DE CV,PL/7076/EXP/ES/2015
2026-09-26,Diesel,nacional,MX,10514,26.9965,16.88,31.99,10.12,,,,,SERVICIOS COSTA VELEROS SA DE CV,PL/19867/EXP/ES/2017
2026-09-27,Regular,nacional,MX,13783,23.6862,15.94,29.20,7.75,,,,,LUIS GERARDO HERNANDEZ ESPINOSA,PL/10189/EXP/ES/2015
2026-09-27,Premium,nacional,MX,13009,28.5742,17.44,31.99,11.13,,,,,SERVICIO SIERRA ESMERALDA SA DE CV,PL/7076/EXP/ES/2015
2026-09-27,Diesel,nacional,MX,10514,27.0016,16.88,31.99,10.12,,,,,SERVICIOS COSTA VELEROS SA DE CV,PL/19867/EXP/ES/2017
2026-09-28,Regular,nacional,MX,13781,23.6862,15.94,28.99,7.75,,,,,URBANA 270 SA DE CV,PL/23267/EXP/ES/2020
2026-09-28,Premium,nacional,MX,13008,28.5742,17.44,31.99,11.13,,,,,SERVICIO SIERRA ESMERALDA SA DE CV,PL/7076/EXP/ES/2015
2026-09-28,Diesel,nacional,MX,10513,27.0013,16.88,31.99,10.12,,,,,SERVICIOS COSTA VELEROS SA DE CV,PL/19867/EXP/ES/2017
2026-09-29,Regular,nacional,MX,13782,23.6880,15.94,28.99,7.75,,,,,URBANA 270 SA DE CV,PL/23267/EXP/ES/2020
2026-09-29,Premium,nacional,MX,13007,28.5757,17.44,31.99,11.14,,,,,SERVICIO SIERRA ESMERALDA SA DE CV,PL/7076/EXP/ES/2015
2026-09-29,Diesel,nacional,MX,10512,27.0027,16.88,31.99,10.12,,,,,SERVICIOS COSTA VELEROS SA DE CV,PL/19867/EXP/ES/2017
2026-09-30,Regular,nacional,MX,13782,23.6870,15.94,28.89,7.75,,,,,SERVICIOS AQUILES SERDAN SA DE CV,PL/6416/EXP/ES/2015
2026-09-30,Premium,nacional,MX,13008,28.5751,17.44,31.99,11.14,,,,,SERVICIO SIERRA ESMERALDA SA DE CV,PL/7076/EXP/ES/2015
2026-09-30,Diesel,nacional,MX,10512,27.0028,16.88,31.99,10.12,,,,,SERVICIOS COSTA VELEROS SA DE CV,PL/19867/EXP/ES/2017
2026-10-01,Regular,nacional,MX,13778,23.6878,15.94,28.89,7.75,,,,,SERVICIOS AQUILES SERDAN SA DE CV,PL/6416/EXP/ES/2015
2026-10-01,Premium,nacional,MX,13004,28.5760,17.44,31.99,11.14,,,,,SERVICIO SIERRA ESMERALDA SA DE CV,PL/7076/EXP/ES/2015
2026-10-01,Diesel,nacional,MX,10512,27.0013,16.88,31.99,10.12,,,,,SERVICIOS COSTA VELEROS SA DE CV,PL/19867/EXP/ES/2017
2026-10-02,Regular,nacional,MX,13770,23.6855,15.94,28.89,7.75,,,,,SERVICIOS AQUILES SERDAN SA DE CV,PL/6416/EXP/ES/2015
2026-10-02,Premium,nacional,MX,12996,28.5783,17.44,31.99,11.14,,,,,SERVICIO SIERRA ESMERALDA SA DE CV,PL/7076/EXP/ES/2015
2026-10-02,Diesel,nacional,MX,10509,26.9974,16.88,31.99,10.12,,,,,SERVICIOS COSTA VELEROS SA DE CV,PL/19867/EXP/ES/2017
2026-10-07,Regular,nacional,MX,13772,23.6908,15.94,29.95,7.75,23.69,23.99,23.99,24.39,GASO-MEX SA DE CV,PL/2385/EXP/ES/2015
2026-10-07,Premium,nacional,MX,12993,28.5933,17.44,31.99,11.15,27.99,28.79,29.49,29.99,SERVICIO SIERRA ESMERALDA SA DE CV,PL/7076/EXP/ES/2015
2026-10-07,Diesel,nacional,MX,10508,27.0013,16.88,31.99,10.12,26.99,27.00,27.00,27.49,SERVICIOS COSTA VELEROS SA DE CV,PL/19867/EXP/ES/2017
2026-10-08,Regular,nacional,MX,13774,23.6893,15.94,29.95,7.75,23.69,23.99,23.99,24.39,GASO-MEX SA DE CV,PL/2385/EXP/ES/2015
2026-10-08,Premium,nacional,MX,12992,28.5985,17.44,31.99,11.16,27.99,28.79,29.49,29.99,SERVICIO SIERRA ESMERALDA SA DE CV,PL/7076/EXP/ES/2015
2026-10-08,Diesel,nacional,MX,10509,26.9961,16.88,31.99,10.12,26.99,27.00,27.00,27.47,SERVICIOS COSTA VELEROS SA DE CV,PL/19867/EXP/ES/2017
